tarih,yil,ay,gun_haftasi,tuketim_mwh,uretim_mwh,dogalgaz_mwh,komur_mwh,hidro_mwh,ruzgar_mwh,gunes_mwh,ptf_ortalama_tl_mwh,ortalama_sicaklik_c
2018-01-01,2018,1,Pazartesi,899136,926110,199038,324541,176570,106827,23576,1635.45,-0.1
2018-01-02,2018,1,Salı,932413,960385,233335,340939,195653,114554,23045,1554.03,3
2018-01-03,2018,1,Çrᗺmba,905703,932874,199167,322624,182278,108537,19715,1685.64,-0.9
2018-01-04,2018,1,Perᗾmbe,883614,910122,216724,301404,198202,81562,33813,1667.78,4.4
2018-01-05,2018,1,Cuma,888336,914986,178555,324295,208156,79236,10861,1728.87,9.8
2018-01-06,2018,1,Cumartesi,795522,819387,215810,264055,163008,79452,30365,1189.98,1.5
2018-01-07,2018,1,Pazar,779427,802810,196319,289672,169769,77753,30399,1424.95,2.7
2018-01-08,2018,1,Pazartesi,900439,927452,193297,284656,225787,116075,35401,1314.37,4.5
2018-01-09,2018,1,Salı,915763,943236,227592,281890,220452,89890,34390,1529.94,2.1
2018-01-10,2018,1,Çrᗺmba,900527,927543,231136,313712,211142,110158,35265,1467.67,5.6
2018-01-11,2018,1,Perᗾmbe,907599,934827,182964,286206,248097,121645,28964,1469.39,6.2
2018-01-12,2018,1,Cuma,878991,905360,198770,303624,256440,103162,34888,1052.93,-3.1
2018-01-13,2018,1,Cumartesi,822597,847275,180077,255020,191310,100334,17068,1559.12,5
2018-01-14,2018,1,Pazar,807448,831672,177878,296475,189307,83107,24764,1295.67,9.5
2018-01-15,2018,1,Pazartesi,874825,901070,212080,294881,210008,83359,29232,1485.34,4.8
2018-01-16,2018,1,Salı,914011,941432,244299,315374,223369,93862,40382,1646.86,-0
2018-01-17,2018,1,Çrᗺmba,895977,922856,193574,298732,192469,100791,39000,1545.38,0
2018-01-18,2018,1,Perᗾmbe,889585,916272,215375,322775,199252,75321,32976,1523.59,3.3
2018-01-19,2018,1,Cuma,862807,888692,243409,314695,188068,103908,33668,1644.37,2.1
2018-01-20,2018,1,Cumartesi,788447,812100,178021,260703,205646,87765,47839,1631.92,0.3
2018-01-21,2018,1,Pazar,764983,787932,168228,262790,190215,53638,32566,1542.1,5.8
2018-01-22,2018,1,Pazartesi,895959,922838,256961,326013,225586,135849,29539,1843.85,3.9
2018-01-23,2018,1,Salı,852371,877943,219112,284064,195319,65347,14660,1661.37,6.2
2018-01-24,2018,1,Çrᗺmba,876793,903097,226318,309864,245412,108771,24783,1742.1,5.2
2018-01-25,2018,1,Perᗾmbe,823012,847702,202887,292027,223265,85369,26735,1617.26,8.4
2018-01-26,2018,1,Cuma,885483,912047,200434,320206,204757,94179,36893,1483.96,6
2018-01-27,2018,1,Cumartesi,771308,794447,191902,275383,175861,75168,4243,1646.56,2.3
2018-01-28,2018,1,Pazar,760120,782924,195707,260845,176920,71331,26371,1698.95,-0.3
2018-01-29,2018,1,Pazartesi,869267,895345,171500,301675,202293,116677,40235,1841.58,-0.8
2018-01-30,2018,1,Salı,848003,873443,190987,307665,213869,65948,41908,1606.37,4
2018-01-31,2018,1,Çrᗺmba,843692,869003,189552,303577,179209,67778,35423,1574.16,-4.2
2018-02-01,2018,2,Perᗾmbe,868057,894098,246819,291565,200766,86156,40484,1807.59,4.5
2018-02-02,2018,2,Cuma,855936,881614,224245,294856,233402,70262,55492,1778,2.1
2018-02-03,2018,2,Cumartesi,754480,777115,190186,261731,174228,76986,29825,1538.64,3.6
2018-02-04,2018,2,Pazar,736800,758904,143342,274549,167428,87387,32283,1165.63,4
2018-02-05,2018,2,Pazartesi,862874,888761,201649,305131,225534,49254,41025,1726.4,2
2018-02-06,2018,2,Salı,830325,855235,199380,311104,182543,69062,42716,1354.48,5.3
2018-02-07,2018,2,Çrᗺmba,849653,875142,215611,304551,221371,116432,20325,1873.2,7.1
2018-02-08,2018,2,Perᗾmbe,851074,876607,202997,296564,203016,87630,37631,1370.01,3
2018-02-09,2018,2,Cuma,841091,866324,218703,286961,184228,95346,32399,1444.97,5.4
2018-02-10,2018,2,Cumartesi,757304,780023,192107,237421,217438,54455,7900,1376.88,11.1
2018-02-11,2018,2,Pazar,745036,767387,161119,259673,171193,77229,27902,1192.55,6.7
2018-02-12,2018,2,Pazartesi,820948,845576,176449,308727,205312,71179,34821,1460.7,4.2
2018-02-13,2018,2,Salı,868705,894767,195951,307401,221544,98320,23070,1593.54,10.4
2018-02-14,2018,2,Çrᗺmba,833087,858080,172490,308308,193795,81728,25682,1507.55,3.2
2018-02-15,2018,2,Perᗾmbe,818604,843162,186529,283669,220264,67861,33283,1438.6,7
2018-02-16,2018,2,Cuma,821777,846430,209051,295728,228901,71135,27648,1465.93,5.3
2018-02-17,2018,2,Cumartesi,733991,756011,124194,271189,230493,68120,23812,1506.08,8.3
2018-02-18,2018,2,Pazar,700780,721803,187101,232972,191047,76514,43255,1451.29,6.3
2018-02-19,2018,2,Pazartesi,831404,856346,230687,278210,232330,85212,30157,1427.53,10
2018-02-20,2018,2,Salı,809471,833755,183254,300054,211428,78892,20948,1360.03,7.4
2018-02-21,2018,2,Çrᗺmba,813546,837953,199020,270914,229301,47580,27271,1835.37,6.3
2018-02-22,2018,2,Perᗾmbe,841082,866315,194418,282712,207454,92561,38468,1242.3,7
2018-02-23,2018,2,Cuma,832389,857361,223943,298393,211742,119011,45942,1485.23,4.8
2018-02-24,2018,2,Cumartesi,695855,716731,192834,234345,191224,94480,32064,1636.35,7.2
2018-02-25,2018,2,Pazar,740759,762982,139914,266686,193187,55494,35549,1257.75,7.8
2018-02-26,2018,2,Pazartesi,776467,799761,157435,270410,224146,58847,31261,1576.45,5.1
2018-02-27,2018,2,Salı,829380,854261,204226,262287,217433,108146,42568,1394.59,8.2
2018-02-28,2018,2,Çrᗺmba,797559,821485,197506,292676,221606,51939,35241,1409.7,9.4
2018-03-01,2018,3,Perᗾmbe,801719,825771,166699,297648,214545,75003,42327,1818.16,6.6
2018-03-02,2018,3,Cuma,789018,812688,180357,276458,186328,107125,21541,1621.93,7.2
2018-03-03,2018,3,Cumartesi,672572,692749,180708,216540,185293,52297,28404,1696.36,10.5
2018-03-04,2018,3,Pazar,673914,694132,165444,250021,165220,51897,37778,1531.9,13.8
2018-03-05,2018,3,Pazartesi,804796,828939,181791,264813,214738,109170,30354,1545.39,7.6
2018-03-06,2018,3,Salı,794297,818126,181485,257659,205117,83842,23235,1491.08,10.2
2018-03-07,2018,3,Çrᗺmba,784265,807793,201133,249919,223876,89065,45225,1598.57,7.2
2018-03-08,2018,3,Perᗾmbe,796053,819935,203852,293595,224897,65593,49313,1532.42,7.1
2018-03-09,2018,3,Cuma,795421,819283,190886,294204,220604,47395,33646,1404.43,9.4
2018-03-10,2018,3,Cumartesi,688489,709144,153073,227257,181317,84565,35994,1586.75,3.4
2018-03-11,2018,3,Pazar,656705,676406,171725,230926,210920,45607,31499,1534.86,9.6
2018-03-12,2018,3,Pazartesi,816687,841187,193969,270187,225314,94565,36232,1581.41,10.2
2018-03-13,2018,3,Salı,774672,797912,184806,257382,207538,89474,43144,1528.6,10.3
2018-03-14,2018,3,Çrᗺmba,780963,804392,192668,274753,228610,96003,32008,1411.37,9
2018-03-15,2018,3,Perᗾmbe,771886,795042,166373,265839,229711,70786,41215,1378.3,11.6
2018-03-16,2018,3,Cuma,790391,814103,183551,255146,221109,66780,31810,1690.55,7.4
2018-03-17,2018,3,Cumartesi,642557,661834,158745,226579,184553,77626,40688,1407.34,8.3
2018-03-18,2018,3,Pazar,674887,695133,146166,255129,210448,43160,34451,1472.26,13.7
2018-03-19,2018,3,Pazartesi,725155,746910,176458,221874,198127,79764,41597,1617.18,8.7
2018-03-20,2018,3,Salı,776499,799794,160809,286493,197647,92522,59415,1371.78,6.7
2018-03-21,2018,3,Çrᗺmba,741939,764197,197866,256070,199685,29359,51025,1373.11,10.3
2018-03-22,2018,3,Perᗾmbe,762021,784882,184640,243202,234178,73502,27000,1653.21,8.5
2018-03-23,2018,3,Cuma,739696,761887,173683,261546,213574,58238,40859,1592.32,11.2
2018-03-24,2018,3,Cumartesi,641303,660542,142145,236001,178144,53519,40375,1596.43,9.3
2018-03-25,2018,3,Pazar,640711,659932,146206,221795,170228,61435,29641,1358.08,10.4
2018-03-26,2018,3,Pazartesi,728291,750140,150496,257924,220849,73244,36031,1415.07,15.2
2018-03-27,2018,3,Salı,755401,778063,168382,284823,182366,80118,40668,1609.85,11.1
2018-03-28,2018,3,Çrᗺmba,761682,784533,210384,252916,205832,56497,48391,1750.32,14.1
2018-03-29,2018,3,Perᗾmbe,771247,794384,198220,306364,213444,96627,58886,1747.82,14.9
2018-03-30,2018,3,Cuma,739349,761530,176438,277126,205306,89305,46410,1289.35,13.4
2018-03-31,2018,3,Cumartesi,594163,611988,131207,205212,161760,47180,28070,1430.38,13.8
2018-04-01,2018,4,Pazar,630478,649393,149895,219372,191059,72491,32018,1247.82,11.4
2018-04-02,2018,4,Pazartesi,737239,759356,164702,255264,219233,86184,51930,1378.9,15.4
2018-04-03,2018,4,Salı,709628,730917,145911,236804,211175,84168,38384,1662.09,18.2
2018-04-04,2018,4,Çrᗺmba,721015,742645,164303,259140,188834,67814,46634,1514.15,13.2
2018-04-05,2018,4,Perᗾmbe,714171,735596,166702,252066,213565,54298,44249,1432.04,12.7
2018-04-06,2018,4,Cuma,706785,727988,182040,251100,197347,60144,33956,1590.87,17.3
2018-04-07,2018,4,Cumartesi,602915,621002,175355,180018,162340,78477,27326,1424.28,15.5
2018-04-08,2018,4,Pazar,636129,655212,133451,240286,169253,93903,33676,1570.56,11
2018-04-09,2018,4,Pazartesi,753922,776540,161101,250728,203955,65185,40959,1437.89,15.5
2018-04-10,2018,4,Salı,763926,786844,212455,254572,218579,87006,57462,962.26,12.5
2018-04-11,2018,4,Çrᗺmba,727615,749443,153945,254307,175997,82488,37805,952.19,19.2
2018-04-12,2018,4,Perᗾmbe,725833,747608,179146,254340,220728,59679,29736,1610.77,13.9
2018-04-13,2018,4,Cuma,722579,744256,162691,259570,242194,83636,36056,1566.57,16.5
2018-04-14,2018,4,Cumartesi,603153,621247,152365,200268,168074,89950,42756,1442.05,19.1
2018-04-15,2018,4,Pazar,601127,619160,155900,217736,148385,41083,40065,1546.73,15.8
2018-04-16,2018,4,Pazartesi,731703,753654,159664,242001,211079,69617,33424,1548.95,18.4
2018-04-17,2018,4,Salı,737366,759487,190305,243953,213272,51857,38688,1323.67,14.9
2018-04-18,2018,4,Çrᗺmba,689203,709879,168070,229334,164413,80484,38888,1695.5,14.9
2018-04-19,2018,4,Perᗾmbe,675140,695394,153200,236007,172085,89209,37098,1874.99,20.4
2018-04-20,2018,4,Cuma,745275,767633,165997,275095,228699,101478,46058,1092.76,17.1
2018-04-21,2018,4,Cumartesi,614115,632538,141600,208626,182518,58801,39994,1282.71,23.2
2018-04-22,2018,4,Pazar,627998,646838,151399,211511,159879,72786,43092,1326.86,18.4
2018-04-23,2018,4,Pazartesi,717256,738773,168625,233196,204665,59718,39153,1535.82,15.5
2018-04-24,2018,4,Salı,653221,672817,148743,208037,184445,83644,37554,1585.67,15.8
2018-04-25,2018,4,Çrᗺmba,688683,709344,156542,244981,178724,54637,38859,1290.51,23.4
2018-04-26,2018,4,Perᗾmbe,688223,708870,164979,224452,224619,76142,35330,1608.13,19.9
2018-04-27,2018,4,Cuma,694092,714914,157482,252086,205474,92194,44697,1690.01,23.8
2018-04-28,2018,4,Cumartesi,583994,601513,143346,216054,161483,60697,25471,1541.96,24.8
2018-04-29,2018,4,Pazar,583183,600678,159985,218809,161007,78965,47430,1667.84,21.4
2018-04-30,2018,4,Pazartesi,675693,695964,142347,237799,184704,78436,40684,1420.87,20.3
2018-05-01,2018,5,Salı,717697,739227,144751,249294,167281,66303,38351,1561.71,20
2018-05-02,2018,5,Çrᗺmba,687184,707800,159104,246049,174322,36813,39523,1377.34,15.4
2018-05-03,2018,5,Perᗾmbe,713088,734480,145499,240563,209468,78720,52633,1204.68,23.6
2018-05-04,2018,5,Cuma,683048,703540,136964,231474,184019,75039,58525,1541.04,18.9
2018-05-05,2018,5,Cumartesi,608522,626777,152220,215129,161268,66117,44091,1311.82,19.3
2018-05-06,2018,5,Pazar,604394,622526,148544,206105,175043,68901,38028,1465.44,18.2
2018-05-07,2018,5,Pazartesi,683271,703769,181866,213765,190992,71342,47637,1600.75,21.8
2018-05-08,2018,5,Salı,687312,707932,176578,227610,202159,64067,49174,1738.72,22.7
2018-05-09,2018,5,Çrᗺmba,659067,678839,163893,220894,184664,74909,39272,1587.92,21.2
2018-05-10,2018,5,Perᗾmbe,693642,714451,143850,235304,212597,78989,41413,1381.67,21.4
2018-05-11,2018,5,Cuma,668715,688776,141934,212846,196593,84217,47818,1850.84,18.2
2018-05-12,2018,5,Cumartesi,571103,588236,130001,197182,155394,77906,31873,1682.23,17.6
2018-05-13,2018,5,Pazar,630493,649408,144452,213213,161015,60100,43133,1805.67,24.4
2018-05-14,2018,5,Pazartesi,694726,715568,153107,273493,200652,88962,44446,1426.87,18.2
2018-05-15,2018,5,Salı,717066,738578,190462,279780,171656,74350,52912,1868.15,18.7
2018-05-16,2018,5,Çrᗺmba,700381,721393,159605,250714,189620,55290,63089,1587.81,26.1
2018-05-17,2018,5,Perᗾmbe,689022,709693,179368,235257,158953,60119,44320,1698.41,28.3
2018-05-18,2018,5,Cuma,704668,725808,188883,228265,170889,90339,47476,1642.12,24.1
2018-05-19,2018,5,Cumartesi,594057,611878,164853,214565,147094,68015,44838,1607.14,22.7
2018-05-20,2018,5,Pazar,597609,615538,145379,223594,164371,48918,47884,1450.97,21.2
2018-05-21,2018,5,Pazartesi,715776,737249,183454,254129,193266,53296,45837,1471.7,24.9
2018-05-22,2018,5,Salı,694613,715452,193890,266908,171386,78091,30982,1580.34,23.1
2018-05-23,2018,5,Çrᗺmba,688460,709113,165324,235226,173859,62849,41814,1147.12,24.7
2018-05-24,2018,5,Perᗾmbe,679365,699746,148291,236250,179925,44790,45975,1531.47,25.1
2018-05-25,2018,5,Cuma,694127,714950,162761,263456,211661,93183,56027,1711.72,23.7
2018-05-26,2018,5,Cumartesi,582442,599915,121915,199772,135622,77257,46767,1800.89,23.4
2018-05-27,2018,5,Pazar,596159,614044,139032,189673,149146,68459,43690,1761.06,24.7
2018-05-28,2018,5,Pazartesi,701466,722510,169776,256871,141230,77562,56256,1053.15,24.1
2018-05-29,2018,5,Salı,714220,735647,184853,254904,210560,56484,46054,1959.68,23.1
2018-05-30,2018,5,Çrᗺmba,706749,727951,208918,245025,146582,63931,47444,1615.35,25.5
2018-05-31,2018,5,Perᗾmbe,682067,702529,150857,256014,172726,56748,58712,1390.58,23.7
2018-06-01,2018,6,Cuma,706974,728183,168550,259760,184419,77420,39920,1513.86,28.1
2018-06-02,2018,6,Cumartesi,588237,605884,151494,212189,125018,63494,40290,1259.63,24.2
2018-06-03,2018,6,Pazar,580175,597580,123749,203822,139498,78224,53377,1402.79,25.4
2018-06-04,2018,6,Pazartesi,668825,688890,132574,218118,170499,64715,45205,1475.98,23
2018-06-05,2018,6,Salı,743849,766165,173163,254901,213314,64492,49988,1492.19,24.4
2018-06-06,2018,6,Çrᗺmba,686259,706846,130598,232309,163710,58230,53095,1631.45,21
2018-06-07,2018,6,Perᗾmbe,689755,710448,196930,245507,169544,56603,54214,1314.42,28.6
2018-06-08,2018,6,Cuma,692534,713310,123583,240854,192952,57349,47281,1727.84,28.4
2018-06-09,2018,6,Cumartesi,628602,647460,150159,224073,153549,66680,49303,1595.02,23.3
2018-06-10,2018,6,Pazar,586178,603763,137071,203565,146659,72692,40751,1231.81,22.5
2018-06-11,2018,6,Pazartesi,674561,694798,193250,244346,162235,71818,45216,1157.07,26.2
2018-06-12,2018,6,Salı,711372,732713,130661,256091,179169,87038,62360,1655.11,29.2
2018-06-13,2018,6,Çrᗺmba,722702,744383,198800,264696,188611,89448,58979,1533.21,26.9
2018-06-14,2018,6,Perᗾmbe,717980,739519,173431,251194,181113,60457,50850,1757.09,26.6
2018-06-15,2018,6,Cuma,705265,726423,196738,226844,124053,51861,44025,1483.68,25.1
2018-06-16,2018,6,Cumartesi,598786,616749,149820,190398,128948,83650,41381,1233.1,28.1
2018-06-17,2018,6,Pazar,605177,623333,151351,222851,137797,57703,35837,1387.32,28.4
2018-06-18,2018,6,Pazartesi,699766,720759,172865,237339,154613,53753,43164,1427.04,23.4
2018-06-19,2018,6,Salı,708112,729355,164067,260197,157496,93397,49533,1436.12,22.6
2018-06-20,2018,6,Çrᗺmba,733713,755724,193512,252608,189672,70542,53029,1436.69,30.4
2018-06-21,2018,6,Perᗾmbe,693998,714818,140155,234357,160815,63267,33573,1481.64,28.2
2018-06-22,2018,6,Cuma,740686,762906,204934,274994,156862,98045,53467,1442.75,25.3
2018-06-23,2018,6,Cumartesi,616521,635016,152513,195937,134012,56290,49503,1251.63,28.6
2018-06-24,2018,6,Pazar,648808,668272,180069,232612,169426,46577,54617,1753.43,27.5
2018-06-25,2018,6,Pazartesi,709837,731132,128763,260227,141906,76231,49786,1481.81,26.5
2018-06-26,2018,6,Salı,737570,759697,171491,252216,182108,89953,61579,1468.61,26.8
2018-06-27,2018,6,Çrᗺmba,723237,744934,178142,247601,173533,62363,61659,1717.58,28.3
2018-06-28,2018,6,Perᗾmbe,714630,736068,176629,230903,136694,46402,43556,1426.74,28
2018-06-29,2018,6,Cuma,681338,701778,137839,234409,141703,55142,49612,1518.07,28.2
2018-06-30,2018,6,Cumartesi,607016,625226,129020,209154,117306,72021,36323,1340.43,24.8
2018-07-01,2018,7,Pazar,628752,647614,153136,211389,131826,56246,40370,1525.17,31.8
2018-07-02,2018,7,Pazartesi,691139,711873,133221,251421,136917,92171,59509,1580.75,27.9
2018-07-03,2018,7,Salı,741199,763435,184649,272769,173583,93296,57256,1624.1,27.5
2018-07-04,2018,7,Çrᗺmba,734761,756804,170153,277637,164050,91577,63058,1440.44,30.2
2018-07-05,2018,7,Perᗾmbe,758684,781444,153511,284349,138933,90117,50512,1764.7,29.1
2018-07-06,2018,7,Cuma,724648,746388,192040,302426,171183,52998,43944,1189.82,30.2
2018-07-07,2018,7,Cumartesi,605021,623171,133962,215524,129409,71721,36435,1595.31,28.4
2018-07-08,2018,7,Pazar,650496,670011,175180,200073,139414,67041,41469,1615.97,28.1
2018-07-09,2018,7,Pazartesi,722738,744420,180845,245074,132246,80814,59473,1600.71,27.6
2018-07-10,2018,7,Salı,730145,752049,146508,244585,159206,105442,45831,1524.56,22.4
2018-07-11,2018,7,Çrᗺmba,743565,765872,177114,275697,159667,78655,36453,1600.91,31.5
2018-07-12,2018,7,Perᗾmbe,777591,800918,168030,282505,130787,68647,59667,1270.58,30.4
2018-07-13,2018,7,Cuma,763057,785948,173426,271362,139500,85644,60614,1648.65,27.2
2018-07-14,2018,7,Cumartesi,650349,669860,159306,220484,134416,41886,58519,1533.81,29.1
2018-07-15,2018,7,Pazar,617100,635613,138856,229492,120981,59223,41716,1528.99,24.6
2018-07-16,2018,7,Pazartesi,763195,786090,170119,250837,157923,62011,33975,1502.13,28.4
2018-07-17,2018,7,Salı,757803,780537,216226,271787,162551,81693,53355,1651.98,28.4
2018-07-18,2018,7,Çrᗺmba,727740,749572,195841,268011,165090,85219,56049,1391.89,23.7
2018-07-19,2018,7,Perᗾmbe,737497,759622,172830,267777,166865,84369,46526,1194.82,23.6
2018-07-20,2018,7,Cuma,764231,787158,155552,230085,144316,92079,67035,1574.26,26.3
2018-07-21,2018,7,Cumartesi,676866,697172,164468,223021,136394,52185,46189,1599.02,29.8
2018-07-22,2018,7,Pazar,710085,731388,150555,234661,118793,46279,49735,1421.48,28.4
2018-07-23,2018,7,Pazartesi,776102,799385,169532,260786,154930,79797,56532,1376.13,24.3
2018-07-24,2018,7,Salı,786299,809888,187382,273709,127757,52987,43805,1883.06,31.6
2018-07-25,2018,7,Çrᗺmba,792221,815988,217095,272780,125566,89486,48925,1770.62,30.2
2018-07-26,2018,7,Perᗾmbe,770608,793727,188238,267420,146391,78713,54325,1405.14,30.1
2018-07-27,2018,7,Cuma,759948,782746,212752,267414,136172,82692,36300,1817.18,28
2018-07-28,2018,7,Cumartesi,677049,697361,204201,244636,139539,88252,42954,1526.19,25.5
2018-07-29,2018,7,Pazar,652573,672150,153603,229164,114469,84508,38778,1211.92,26.3
2018-07-30,2018,7,Pazartesi,834881,859927,217747,291754,157679,81248,59045,1367.07,24.1
2018-07-31,2018,7,Salı,759841,782636,169319,261639,153028,110110,63160,1675.1,23.3
2018-08-01,2018,8,Çrᗺmba,794307,818136,170442,260074,149799,60942,53109,1447.64,25.6
2018-08-02,2018,8,Perᗾmbe,844662,870001,206428,293181,169651,78936,48732,1717.84,24.9
2018-08-03,2018,8,Cuma,812976,837365,181153,280846,162416,86267,63222,1523.26,24.3
2018-08-04,2018,8,Cumartesi,698753,719715,185529,234144,160345,74271,31357,1598.57,28.8
2018-08-05,2018,8,Pazar,719921,741518,186463,262260,116641,93746,56310,1269.34,29.6
2018-08-06,2018,8,Pazartesi,802403,826475,197978,282646,166277,110324,44079,1697.06,22.9
2018-08-07,2018,8,Salı,801070,825102,184880,285145,107724,90732,57048,1583.71,27.6
2018-08-08,2018,8,Çrᗺmba,793910,817727,216668,267857,126344,80162,50585,1710.71,24.5
2018-08-09,2018,8,Perᗾmbe,801637,825686,187170,289513,122573,71422,39572,1491.93,25.9
2018-08-10,2018,8,Cuma,803241,827338,144889,307093,143750,100518,53750,1408.79,23.3
2018-08-11,2018,8,Cumartesi,719380,740961,182247,245495,143624,56588,50223,1253.71,30.1
2018-08-12,2018,8,Pazar,729621,751509,189679,258018,123470,76349,52849,1574.72,21.5
2018-08-13,2018,8,Pazartesi,813504,837909,172175,277681,140850,91072,26256,1349.88,26.3
2018-08-14,2018,8,Salı,814608,839047,198436,294168,121479,73360,39693,1242.82,23
2018-08-15,2018,8,Çrᗺmba,820335,844946,209159,273570,145631,85742,47821,1496.01,20.7
2018-08-16,2018,8,Perᗾmbe,852116,877680,183776,288224,170467,93664,64375,1688.73,28.1
2018-08-17,2018,8,Cuma,830973,855903,170982,315673,135971,87069,52835,1536.41,25.5
2018-08-18,2018,8,Cumartesi,731696,753647,173783,282742,124402,59175,44658,1780.77,25.7
2018-08-19,2018,8,Pazar,697312,718232,158507,238575,111267,73081,43248,1537.78,29.6
2018-08-20,2018,8,Pazartesi,828945,853814,221580,274821,109697,65998,57860,1399.45,28.5
2018-08-21,2018,8,Salı,815861,840337,175803,305730,151511,71092,63135,1581.92,21.3
2018-08-22,2018,8,Çrᗺmba,832424,857397,196430,277319,152396,83656,52782,1629.33,26.3
2018-08-23,2018,8,Perᗾmbe,842495,867770,204304,296733,104652,59884,54302,1428.35,25
2018-08-24,2018,8,Cuma,854751,880394,205383,323374,194126,102647,65055,1610.05,25.1
2018-08-25,2018,8,Cumartesi,740064,762266,165640,247648,124519,57803,47308,1457.94,21.1
2018-08-26,2018,8,Pazar,768006,791046,180088,250191,103200,82055,59778,1478.78,24
2018-08-27,2018,8,Pazartesi,848906,874373,232262,256586,135883,108100,50391,1660.95,22.8
2018-08-28,2018,8,Salı,850035,875536,234740,262787,140183,87048,52569,1576.97,24.6
2018-08-29,2018,8,Çrᗺmba,869362,895443,206344,284249,112993,123647,47375,1367.34,24.8
2018-08-30,2018,8,Perᗾmbe,861887,887744,187915,300094,191536,113650,36271,1417.76,21.3
2018-08-31,2018,8,Cuma,853266,878864,193313,275228,143875,86467,64295,1274.06,22.2
2018-09-01,2018,9,Cumartesi,759301,782080,171131,263077,131420,94385,50815,1268.02,23.6
2018-09-02,2018,9,Pazar,763418,786321,211241,261641,146564,85789,45602,1901.04,21.8
2018-09-03,2018,9,Pazartesi,888510,915165,223234,299526,148817,109526,49676,1448.68,25.3
2018-09-04,2018,9,Salı,851050,876581,236742,269748,147770,131694,56928,1348.74,18.4
2018-09-05,2018,9,Çrᗺmba,909711,937003,177568,306540,140263,84355,73950,1845.89,22.8
2018-09-06,2018,9,Perᗾmbe,878379,904730,219538,310473,149963,98528,49029,1634.71,23.7
2018-09-07,2018,9,Cuma,866282,892271,201638,316952,140465,76646,58923,1565.26,20.5
2018-09-08,2018,9,Cumartesi,740058,762260,182498,270354,105797,82917,40190,1366.94,21.2
2018-09-09,2018,9,Pazar,787876,811512,163424,246492,141656,68496,45050,1639.71,19.7
2018-09-10,2018,9,Pazartesi,881671,908122,212780,310775,121878,117341,39644,1620.48,19.3
2018-09-11,2018,9,Salı,886900,913507,213856,291025,127745,65511,37499,1469.41,19.1
2018-09-12,2018,9,Çrᗺmba,895159,922014,223486,307905,135219,87786,54496,1848.6,22.7
2018-09-13,2018,9,Perᗾmbe,880953,907381,208262,307778,139686,70010,48211,1577.55,23
2018-09-14,2018,9,Cuma,862897,888784,272904,316468,140931,119858,43115,1792.2,16.6
2018-09-15,2018,9,Cumartesi,780693,804114,184607,241928,121954,70916,38489,1814.31,19
2018-09-16,2018,9,Pazar,791247,814985,180126,279075,122843,77628,28619,1329.4,24.9
2018-09-17,2018,9,Pazartesi,907742,934974,207535,317307,158746,65933,50258,1673.64,22
2018-09-18,2018,9,Salı,882653,909132,194762,295690,122062,82814,54185,1499.19,21.8
2018-09-19,2018,9,Çrᗺmba,877012,903322,189000,315808,162588,114896,37393,1636.68,15.2
2018-09-20,2018,9,Perᗾmbe,904051,931172,195322,318980,106225,121586,58648,1533.22,19.9
2018-09-21,2018,9,Cuma,897039,923950,257689,317441,114691,90392,35034,1442.78,21
2018-09-22,2018,9,Cumartesi,784296,807825,205322,303537,101422,70477,48204,1674.85,21
2018-09-23,2018,9,Pazar,771541,794687,174555,252463,121446,91339,17629,1036.78,16.9
2018-09-24,2018,9,Pazartesi,911050,938381,235634,306068,99942,107759,24935,1791.65,21.9
2018-09-25,2018,9,Salı,922610,950288,205361,298408,112625,88972,49311,1378.77,16.1
2018-09-26,2018,9,Çrᗺmba,915437,942900,235601,325379,133804,77484,33571,1145.1,15.9
2018-09-27,2018,9,Perᗾmbe,885534,912100,217853,306691,150976,96067,40070,2064.69,19.3
2018-09-28,2018,9,Cuma,902551,929627,214637,339142,134461,93327,39093,1688.94,19.2
2018-09-29,2018,9,Cumartesi,830653,855573,200566,279968,106132,70069,31569,1920.35,17.9
2018-09-30,2018,9,Pazar,776190,799476,160975,285365,110098,83710,36114,1638.98,16.9
2018-10-01,2018,10,Pazartesi,956574,985271,272388,345198,160838,128350,58080,1378.82,16.8
2018-10-02,2018,10,Salı,921477,949122,211039,346442,133589,112311,30190,1424.79,17.2
2018-10-03,2018,10,Çrᗺmba,936166,964251,231407,300844,141840,103558,47978,1661.49,11.6
2018-10-04,2018,10,Perᗾmbe,906963,934172,253274,293103,128495,85227,34237,1443.86,13.8
2018-10-05,2018,10,Cuma,922438,950112,198155,327536,123974,95952,44870,1494.66,18
2018-10-06,2018,10,Cumartesi,874398,900630,205181,310038,118882,86421,33359,1456.24,15.9
2018-10-07,2018,10,Pazar,848914,874381,188642,305444,160251,74369,44536,1529.99,18.5
2018-10-08,2018,10,Pazartesi,941710,969962,218730,328247,139343,89651,45180,1748.97,16.6
2018-10-09,2018,10,Salı,954715,983356,256914,317641,159437,87413,50161,1483.42,12.3
2018-10-10,2018,10,Çrᗺmba,930685,958606,213660,329796,153947,70653,48248,1725.44,16.4
2018-10-11,2018,10,Perᗾmbe,911838,939193,218437,328709,141513,98454,44620,1722.78,10.8
2018-10-12,2018,10,Cuma,956927,985635,227804,321614,173795,100274,31303,2245.14,10.6
2018-10-13,2018,10,Cumartesi,837773,862906,216967,290752,136508,109283,31430,1842.63,15.2
2018-10-14,2018,10,Pazar,840116,865320,184301,274225,97243,85441,41127,1487.91,12.2
2018-10-15,2018,10,Pazartesi,967887,996923,247565,310335,157998,98745,45038,1712.67,14.7
2018-10-16,2018,10,Salı,963689,992600,238751,326798,177108,71878,28336,1632.11,18
2018-10-17,2018,10,Çrᗺmba,954676,983317,183559,373249,153053,90890,39378,1486.07,11.2
2018-10-18,2018,10,Perᗾmbe,951198,979734,248300,369767,168981,74533,43948,1592.64,15.5
2018-10-19,2018,10,Cuma,943632,971941,194496,331704,155892,105586,63531,1602.71,12.4
2018-10-20,2018,10,Cumartesi,862808,888692,184885,278515,137073,105978,18403,1694.77,12.2
2018-10-21,2018,10,Pazar,873129,899322,235960,302283,140321,85198,33378,1391.48,14.8
2018-10-22,2018,10,Pazartesi,958252,987000,218475,366505,164907,114046,47477,1689.39,11
2018-10-23,2018,10,Salı,976631,1005930,219363,294177,172888,70522,58194,1319.69,10.5
2018-10-24,2018,10,Çrᗺmba,977977,1007316,226913,347984,161508,127004,56843,1681.08,13.6
2018-10-25,2018,10,Perᗾmbe,931506,959451,266460,327053,168618,105030,39643,1567.1,10.4
2018-10-26,2018,10,Cuma,943358,971659,223371,346699,111271,112119,23130,1265.68,11.5
2018-10-27,2018,10,Cumartesi,837645,862774,173753,307806,127111,98519,32250,1381.56,11.5
2018-10-28,2018,10,Pazar,837752,862885,180491,288640,133938,106511,28180,1484.97,11.7
2018-10-29,2018,10,Pazartesi,922203,949869,212072,347569,114603,62796,34715,1848.6,13.7
2018-10-30,2018,10,Salı,998532,1028488,229254,360669,155659,94470,45102,1406.62,7.4
2018-10-31,2018,10,Çrᗺmba,967143,996157,244391,344368,182545,70708,41227,1730.13,9.2
2018-11-01,2018,11,Perᗾmbe,956646,985345,197267,318849,186128,125632,25307,1573.83,12.3
2018-11-02,2018,11,Cuma,945091,973444,245035,322724,146089,79084,38125,1596.77,9.7
2018-11-03,2018,11,Cumartesi,833563,858570,170512,288909,143980,78920,34426,1373.38,6.6
2018-11-04,2018,11,Pazar,849797,875291,192853,292590,144578,89238,23190,1656.71,6.8
2018-11-05,2018,11,Pazartesi,930853,958778,223477,322994,164922,102302,38754,1511.44,9
2018-11-06,2018,11,Salı,952277,980845,270624,321732,146817,107572,38481,1393.73,11.1
2018-11-07,2018,11,Çrᗺmba,957631,986360,222244,368905,132786,112542,45881,1660.57,6.4
2018-11-08,2018,11,Perᗾmbe,957663,986392,215495,295228,153287,126241,30363,1398.72,11.8
2018-11-09,2018,11,Cuma,965747,994719,267102,327362,146444,111334,47002,1647.96,9.2
2018-11-10,2018,11,Cumartesi,841545,866792,245707,302660,129110,109501,26902,1930.71,12.4
2018-11-11,2018,11,Pazar,835978,861058,231303,291921,159636,87055,26867,1482.15,10
2018-11-12,2018,11,Pazartesi,970182,999287,260876,343077,140207,118592,24383,1448.9,8.1
2018-11-13,2018,11,Salı,984919,1014467,265261,323753,178721,84195,15776,1816.89,8.5
2018-11-14,2018,11,Çrᗺmba,960682,989502,250397,396957,128354,84640,44733,1523.58,10
2018-11-15,2018,11,Perᗾmbe,961633,990482,229385,329727,162645,108794,47114,1420.64,13.2
2018-11-16,2018,11,Cuma,979541,1008927,234212,325890,147735,136565,38728,1263.21,12.6
2018-11-17,2018,11,Cumartesi,886533,913129,217089,303909,141322,132391,47727,1076.19,7.7
2018-11-18,2018,11,Pazar,858887,884653,205575,316092,148934,85293,27445,1410.91,8.5
2018-11-19,2018,11,Pazartesi,934834,962879,210314,325466,172770,104993,24213,1564.99,5.7
2018-11-20,2018,11,Salı,939878,968074,207866,335934,174263,119863,28855,2054.96,9.8
2018-11-21,2018,11,Çrᗺmba,944502,972837,229837,371360,177408,67170,28293,1969.62,7.3
2018-11-22,2018,11,Perᗾmbe,943272,971570,207898,317973,169037,78325,34375,1658.4,7.8
2018-11-23,2018,11,Cuma,984426,1013958,262878,357219,176015,116290,37519,1608.19,7.6
2018-11-24,2018,11,Cumartesi,831466,856410,186659,296959,156999,80750,31041,1304.6,4
2018-11-25,2018,11,Pazar,852026,877586,220240,264516,151473,91693,18063,1480.01,8.3
2018-11-26,2018,11,Pazartesi,1003400,1033502,245794,359600,170015,91289,23620,1626.09,3.8
2018-11-27,2018,11,Salı,978349,1007700,229615,340509,151884,74201,21282,1910.16,1
2018-11-28,2018,11,Çrᗺmba,948606,977064,203317,318037,184170,88325,31781,1720.21,1.7
2018-11-29,2018,11,Perᗾmbe,982228,1011695,265683,331746,195320,105692,40415,1601.6,3.1
2018-11-30,2018,11,Cuma,944264,972591,202132,324877,179665,103112,29141,1632.91,9.6
2018-12-01,2018,12,Cumartesi,890637,917356,203254,310346,174016,89580,42391,1587.54,7.8
2018-12-02,2018,12,Pazar,877845,904181,214504,309643,138899,93922,29147,1750.86,6.4
2018-12-03,2018,12,Pazartesi,984636,1014175,238539,366668,157581,95034,30649,1764.31,6.6
2018-12-04,2018,12,Salı,989676,1019367,247041,373757,160073,118676,37303,1597.64,3.2
2018-12-05,2018,12,Çrᗺmba,980361,1009772,261265,318353,183436,125773,39906,1634.79,6.1
2018-12-06,2018,12,Perᗾmbe,951730,980282,223395,331252,176117,78531,24328,1903.66,9.8
2018-12-07,2018,12,Cuma,967279,996298,252532,339294,210632,80977,3405,1430.82,3.5
2018-12-08,2018,12,Cumartesi,873579,899786,188964,311548,193747,98294,28609,1398.6,2.4
2018-12-09,2018,12,Pazar,881576,908023,231051,269114,160107,97585,23156,1538.2,4.5
2018-12-10,2018,12,Pazartesi,959676,988466,191816,316989,175934,123724,28406,1579.88,3.5
2018-12-11,2018,12,Salı,995831,1025706,228317,345614,238389,115018,27666,1350.82,6
2018-12-12,2018,12,Çrᗺmba,1002984,1033074,211361,389244,228531,118997,45682,1590.09,2.8
2018-12-13,2018,12,Perᗾmbe,963627,992536,188667,317046,144838,105241,31837,1434.65,1.7
2018-12-14,2018,12,Cuma,951439,979982,241985,376452,213156,81552,33307,1556.85,5.4
2018-12-15,2018,12,Cumartesi,820765,845388,203587,261392,161580,98675,18081,1272.78,4.6
2018-12-16,2018,12,Pazar,918430,945982,188396,319443,186759,110698,45587,1420.61,4.7
2018-12-17,2018,12,Pazartesi,990052,1019753,196310,372139,208830,90972,14758,1130.07,3.9
2018-12-18,2018,12,Salı,974554,1003790,190643,323590,214220,94215,32530,1604.11,4.6
2018-12-19,2018,12,Çrᗺmba,957181,985897,228533,328466,187855,121702,15323,1756.38,2
2018-12-20,2018,12,Perᗾmbe,994052,1023874,225358,357893,206472,100056,43771,1746.24,-0
2018-12-21,2018,12,Cuma,931069,959001,207262,339102,177682,108813,25577,1789.85,5.9
2018-12-22,2018,12,Cumartesi,831033,855964,212796,280860,178084,62124,13751,1756.41,4.8
2018-12-23,2018,12,Pazar,844579,869917,216176,317897,159340,98237,31983,1316.08,2.5
2018-12-24,2018,12,Pazartesi,970315,999425,223207,361693,215428,67132,36077,1332.34,5
2018-12-25,2018,12,Salı,957567,986294,223764,334778,196380,134972,35931,1581.68,4.3
2018-12-26,2018,12,Çrᗺmba,949257,977735,234390,336730,215031,54845,40037,1806.48,-0.8
2018-12-27,2018,12,Perᗾmbe,940905,969132,243565,300359,201195,96771,29846,1615.19,2.4
2018-12-28,2018,12,Cuma,960997,989827,204809,367755,205388,120165,27616,1679.72,4.4
2018-12-29,2018,12,Cumartesi,839958,865156,197916,267275,194565,92827,20373,1479.84,1.8
2018-12-30,2018,12,Pazar,815279,839737,198267,304685,180701,109881,29194,1301.51,2.3
2018-12-31,2018,12,Pazartesi,953641,982250,146877,349840,221338,105865,38313,1564.31,4
2019-01-01,2019,1,Salı,923849,951565,214699,323434,218381,108234,41957,1781.4,4.9
2019-01-02,2019,1,Çrᗺmba,968930,997998,223270,355340,197638,124263,28885,1434.79,1.3
2019-01-03,2019,1,Perᗾmbe,931147,959081,253618,329212,172963,92907,26868,1612.64,1.4
2019-01-04,2019,1,Cuma,922803,950487,231540,306128,187069,106488,15860,1472.09,-0.2
2019-01-05,2019,1,Cumartesi,830350,855261,191360,298594,185380,66301,38574,1475.09,3
2019-01-06,2019,1,Pazar,805352,829512,192401,267012,143826,69929,13845,1657.43,5.2
2019-01-07,2019,1,Pazartesi,915490,942954,203006,310994,232716,117175,40762,1674.27,2.5
2019-01-08,2019,1,Salı,938631,966790,226741,326774,249865,127904,22088,1406.78,4.5
2019-01-09,2019,1,Çrᗺmba,918840,946405,170750,288659,245699,96395,12468,1659.38,3.8
2019-01-10,2019,1,Perᗾmbe,923172,950868,210006,300350,217251,82011,39300,1442.68,5
2019-01-11,2019,1,Cuma,957183,985898,221872,329568,207696,100516,20533,1886.11,2.7
2019-01-12,2019,1,Cumartesi,803865,827981,205076,296423,182463,93214,33603,2076.43,6.8
2019-01-13,2019,1,Pazar,835425,860488,188249,314575,173746,55010,19354,1506.75,5.1
2019-01-14,2019,1,Pazartesi,929949,957847,195974,342425,166337,101498,8638,1716.55,2.9
2019-01-15,2019,1,Salı,903281,930380,152589,312299,208162,102288,29398,1723.51,4.5
2019-01-16,2019,1,Çrᗺmba,917866,945402,224786,350656,221878,81129,39720,1628.53,-1.2
2019-01-17,2019,1,Perᗾmbe,894944,921792,221775,328729,223069,72950,28552,1443.78,1.5
2019-01-18,2019,1,Cuma,892293,919061,163308,344651,222435,103192,41574,1812.17,1.1
2019-01-19,2019,1,Cumartesi,769793,792886,164211,262658,182672,83991,28686,1479.97,6.1
2019-01-20,2019,1,Pazar,783770,807283,187457,273555,160911,83306,26464,1584.67,9.4
2019-01-21,2019,1,Pazartesi,887188,913803,194782,300990,232221,89808,29094,1882.21,5.1
2019-01-22,2019,1,Salı,901687,928738,214982,315729,190221,91060,25632,1693.39,1.8
2019-01-23,2019,1,Çrᗺmba,889047,915718,231013,336736,213395,74034,13672,1561.51,5.2
2019-01-24,2019,1,Perᗾmbe,922367,950038,217706,306297,202186,103977,38760,1642.81,3.3
2019-01-25,2019,1,Cuma,910832,938157,215729,311824,226549,98684,23870,1545.63,3.1
2019-01-26,2019,1,Cumartesi,771940,795098,177137,251268,170796,84452,23755,1747.03,2.1
2019-01-27,2019,1,Pazar,784134,807659,167612,262856,162012,94429,41676,1639.08,4.7
2019-01-28,2019,1,Pazartesi,893726,920537,215966,313037,193997,90674,49908,1864.32,5.7
2019-01-29,2019,1,Salı,885174,911729,199057,309271,249318,89682,34456,1864.8,1.1
2019-01-30,2019,1,Çrᗺmba,850774,876297,190776,304329,199355,78187,29683,1602.35,6.7
2019-01-31,2019,1,Perᗾmbe,878246,904594,177057,326682,195155,101153,42294,1231.49,0.7
2019-02-01,2019,2,Cuma,860145,885949,211771,315137,239940,71339,30674,1713.41,3.5
2019-02-02,2019,2,Cumartesi,769100,792173,211435,264720,193727,59130,25770,1750.46,3.1
2019-02-03,2019,2,Pazar,764054,786975,187950,277525,174716,106668,31618,1918.17,3.8
2019-02-04,2019,2,Pazartesi,858333,884083,177656,326943,193465,112192,34535,1470.81,5.6
2019-02-05,2019,2,Salı,853820,879435,232295,266381,226715,49343,24023,1605.89,5.4
2019-02-06,2019,2,Çrᗺmba,853988,879608,228273,286871,234938,74580,20480,1720.87,7.2
2019-02-07,2019,2,Perᗾmbe,882524,909000,198226,300389,243711,89171,38269,1313.89,4.3
2019-02-08,2019,2,Cuma,830138,855042,177437,304544,225978,87882,24592,2099.3,7.3
2019-02-09,2019,2,Cumartesi,722931,744619,157822,245389,200766,82293,35848,1242.99,5.5
2019-02-10,2019,2,Pazar,749833,772328,187228,245774,166715,77873,23682,1765.8,2.7
2019-02-11,2019,2,Pazartesi,862090,887953,243841,312715,238142,47481,25405,1819.38,6.7
2019-02-12,2019,2,Salı,860993,886823,198340,291912,205184,109296,33370,1556.91,3.6
2019-02-13,2019,2,Çrᗺmba,845630,870999,199735,310717,235965,96249,34739,1597.82,4.5
2019-02-14,2019,2,Perᗾmbe,877101,903414,181041,327202,220666,99195,38246,1905.83,8.8
2019-02-15,2019,2,Cuma,838366,863517,197907,320750,243654,68888,27770,1405.37,6.3
2019-02-16,2019,2,Cumartesi,762275,785143,162138,264219,195409,69903,21968,1827.3,4.2
2019-02-17,2019,2,Pazar,738155,760300,165817,279202,209067,77642,32078,1612.71,4.6
2019-02-18,2019,2,Pazartesi,828494,853349,197770,287698,233972,55446,40916,1659.99,4.7
2019-02-19,2019,2,Salı,845431,870794,176137,287591,252582,83964,32419,1377.02,6.2
2019-02-20,2019,2,Çrᗺmba,818733,843295,191744,302150,234869,97675,42166,1707.05,7.4
2019-02-21,2019,2,Perᗾmbe,839652,864842,216895,304402,243534,91044,38890,1680.59,1
2019-02-22,2019,2,Cuma,799892,823889,171370,260387,214214,75744,24387,1170,8.5
2019-02-23,2019,2,Cumartesi,751086,773619,195304,237457,174077,83260,31723,1665.69,8.5
2019-02-24,2019,2,Pazar,716903,738410,135867,251022,185768,91470,11874,1417.38,5.9
2019-02-25,2019,2,Pazartesi,838603,863761,211049,286823,192238,94707,26875,1142.78,7.5
2019-02-26,2019,2,Salı,818858,843424,182428,282243,225187,104420,26939,1705.11,0.9
2019-02-27,2019,2,Çrᗺmba,802316,826386,164768,270504,239799,65750,27000,1613.94,7.2
2019-02-28,2019,2,Perᗾmbe,836243,861330,226826,270360,219123,79394,33922,1459.59,6.3
2019-03-01,2019,3,Cuma,786640,810239,182007,287408,211599,87551,35029,1992.26,8.4
2019-03-02,2019,3,Cumartesi,709365,730646,158586,249454,206316,78658,22509,1422.61,6.4
2019-03-03,2019,3,Pazar,708284,729533,199107,254908,177725,78165,31043,1513.33,6.9
2019-03-04,2019,3,Pazartesi,820372,844983,201666,298900,206445,55011,45754,1900.58,7.4
2019-03-05,2019,3,Salı,811148,835482,147834,296883,237879,90964,43555,1517.31,10.3
2019-03-06,2019,3,Çrᗺmba,797446,821369,177941,275467,227318,52262,36934,1813.22,9.7
2019-03-07,2019,3,Perᗾmbe,815851,840327,218851,250705,202549,82647,33727,1779.19,9.4
2019-03-08,2019,3,Cuma,809211,833487,190654,249289,220293,88039,32046,1977.33,2.1
2019-03-09,2019,3,Cumartesi,699376,720358,163076,242890,175621,54974,27077,1981.24,7.4
2019-03-10,2019,3,Pazar,708314,729563,138729,261765,184994,76542,35190,1267.2,7.2
2019-03-11,2019,3,Pazartesi,791288,815027,161317,271965,219921,54088,23662,1487.89,7.8
2019-03-12,2019,3,Salı,774803,798047,163420,266449,224830,96088,34992,1352.68,8.2
2019-03-13,2019,3,Çrᗺmba,818489,843044,163349,302921,241805,89584,50978,1212.32,11.2
2019-03-14,2019,3,Perᗾmbe,767734,790766,163989,279628,204120,82293,37708,1838.64,7
2019-03-15,2019,3,Cuma,776899,800206,163967,251658,181173,85445,31868,1586.45,9.3
2019-03-16,2019,3,Cumartesi,684272,704800,162839,233279,195050,97511,31949,1776.34,12.3
2019-03-17,2019,3,Pazar,665326,685286,156804,227681,170333,52940,41895,1702.76,13.2
2019-03-18,2019,3,Pazartesi,757348,780068,168382,232201,226744,85419,54870,1766.68,9.1
2019-03-19,2019,3,Salı,773608,796816,194032,259637,218293,73192,44985,1798.64,9.6
2019-03-20,2019,3,Çrᗺmba,780472,803886,215560,300982,235645,73188,61431,1577.6,8.1
2019-03-21,2019,3,Perᗾmbe,774347,797577,189145,278662,219546,86808,44761,1729.4,10
2019-03-22,2019,3,Cuma,767589,790617,174038,275521,191114,95560,40993,1859.2,16
2019-03-23,2019,3,Cumartesi,684168,704693,153203,244806,195335,45102,36037,1600.57,8.8
2019-03-24,2019,3,Pazar,656847,676552,150247,242749,176327,68101,43061,1686.31,10.2
2019-03-25,2019,3,Pazartesi,728231,750078,165099,230925,198929,87564,45776,1291.31,15.9
2019-03-26,2019,3,Salı,758660,781420,191106,267162,233918,99527,33839,1456.52,11
2019-03-27,2019,3,Çrᗺmba,766164,789149,137960,260461,180187,84406,36455,1931.51,12.9
2019-03-28,2019,3,Perᗾmbe,752242,774810,192513,254119,199093,47355,36558,1855.85,17.7
2019-03-29,2019,3,Cuma,751660,774210,179319,280972,225057,64364,50539,1928,10.3
2019-03-30,2019,3,Cumartesi,668308,688357,159717,219157,186281,74912,36389,1765.47,13.5
2019-03-31,2019,3,Pazar,637661,656791,138892,217304,165387,40446,28498,1853.22,11.5
2019-04-01,2019,4,Pazartesi,764610,787549,187917,271806,218602,83046,34010,1461.83,18.2
2019-04-02,2019,4,Salı,785305,808864,163779,269009,219288,88925,50470,1473.47,10.3
2019-04-03,2019,4,Çrᗺmba,752751,775334,191260,267743,212502,86297,34910,1524.49,12.3
2019-04-04,2019,4,Perᗾmbe,736141,758225,174938,283712,187216,75510,36125,1837.71,16.3
2019-04-05,2019,4,Cuma,741038,763270,171831,283898,186380,71388,57426,1245.84,14.6
2019-04-06,2019,4,Cumartesi,632453,651427,126810,218362,176593,53621,36353,1873.81,13.4
2019-04-07,2019,4,Pazar,645853,665229,143314,256188,175100,81519,33356,2025.86,12.1
2019-04-08,2019,4,Pazartesi,735464,757528,183737,280540,214313,57944,46152,1716.91,15
2019-04-09,2019,4,Salı,742908,765195,181204,263217,197145,66286,31615,1480.28,16.5
2019-04-10,2019,4,Çrᗺmba,747687,770117,185567,266228,197902,90423,36791,1888.63,15.2
2019-04-11,2019,4,Perᗾmbe,725608,747376,170270,266341,199801,48667,38761,1571.92,15.8
2019-04-12,2019,4,Cuma,724057,745779,192656,267081,197317,69178,33567,1777.69,13.4
2019-04-13,2019,4,Cumartesi,615357,633818,147349,213263,166486,61778,34894,1567.38,17.5
2019-04-14,2019,4,Pazar,636621,655720,135313,216799,171313,56717,33859,1631.07,17.7
2019-04-15,2019,4,Pazartesi,741643,763892,158901,251707,202089,85579,50478,1944.25,17.8
2019-04-16,2019,4,Salı,712742,734124,142752,255272,205034,68572,44176,1684.7,13.1
2019-04-17,2019,4,Çrᗺmba,741758,764010,177958,259707,198241,74963,53052,1655.37,19.2
2019-04-18,2019,4,Perᗾmbe,729231,751108,193643,237459,187461,60738,45892,1773.68,16.9
2019-04-19,2019,4,Cuma,729413,751295,161132,242215,194097,64030,39985,1710.8,21.3
2019-04-20,2019,4,Cumartesi,604280,622409,155990,213980,165779,47442,32749,1684.05,16.7
2019-04-21,2019,4,Pazar,619332,637912,163239,215297,170663,80604,35861,1832.74,13.5
2019-04-22,2019,4,Pazartesi,749954,772453,172154,298146,210945,74897,53529,1590.96,17.8
2019-04-23,2019,4,Salı,739457,761641,171430,259414,209101,58949,51854,1823.32,22.9
2019-04-24,2019,4,Çrᗺmba,743211,765507,179437,263501,188944,76821,45701,1548.56,18.8
2019-04-25,2019,4,Perᗾmbe,727622,749450,202411,252621,190848,85159,39604,1554.63,21.2
2019-04-26,2019,4,Cuma,710995,732325,158002,238414,191074,75105,44401,1686.7,16.8
2019-04-27,2019,4,Cumartesi,612672,631052,154354,217533,165525,79434,36607,1633.47,17.6
2019-04-28,2019,4,Pazar,609561,627847,174926,193365,170830,66430,38656,1708.35,20.2
2019-04-29,2019,4,Pazartesi,749046,771517,165262,266997,198351,85418,57090,1635.69,18.3
2019-04-30,2019,4,Salı,718266,739814,175502,250992,187800,66578,41173,1852.33,22.6
2019-05-01,2019,5,Çrᗺmba,713809,735223,148111,242220,179901,65308,44903,1762.13,23
2019-05-02,2019,5,Perᗾmbe,746391,768782,170386,255559,214208,53626,48915,1860.8,12.9
2019-05-03,2019,5,Cuma,739991,762191,212841,271819,183721,94624,46133,1820.71,19.4
2019-05-04,2019,5,Cumartesi,598349,616299,136708,198959,146405,48026,40693,1801.19,18.9
2019-05-05,2019,5,Pazar,600078,618081,150566,202274,163704,57954,48073,1430.16,19.2
2019-05-06,2019,5,Pazartesi,710277,731585,133323,240813,175937,71236,36221,1516.37,22.1
2019-05-07,2019,5,Salı,720869,742495,151618,255481,194939,82595,59032,1688.25,23.6
2019-05-08,2019,5,Çrᗺmba,722667,744347,182179,261169,184907,82354,60753,1668.27,19.1
2019-05-09,2019,5,Perᗾmbe,718175,739720,181658,237494,177947,59721,46205,1678.43,19.4
2019-05-10,2019,5,Cuma,702278,723346,156456,245216,187352,77991,40844,1624.91,23.7
2019-05-11,2019,5,Cumartesi,609160,627434,120624,222291,165320,63013,58544,1277.2,22.7
2019-05-12,2019,5,Pazar,623263,641961,143536,229350,178086,89433,37119,1798.33,21.5
2019-05-13,2019,5,Pazartesi,723398,745100,154766,281736,213028,69548,59734,1241.4,21.5
2019-05-14,2019,5,Salı,706303,727492,160120,246233,203437,81158,44796,1371.76,22.4
2019-05-15,2019,5,Çrᗺmba,715950,737429,181841,269109,201715,51492,34442,1874.77,26.6
2019-05-16,2019,5,Perᗾmbe,700844,721870,142239,243178,173350,83483,49657,1725.31,21.7
2019-05-17,2019,5,Cuma,664825,684770,127974,236846,156728,54229,29580,1446.21,19.4
2019-05-18,2019,5,Cumartesi,616406,634898,145774,231732,159598,68587,39467,1446.32,21.4
2019-05-19,2019,5,Pazar,627933,646771,178328,226050,162786,47410,51357,1473.11,26
2019-05-20,2019,5,Pazartesi,716814,738318,151453,257956,192087,65153,51572,1215.96,16.9
2019-05-21,2019,5,Salı,685532,706098,134044,264452,184503,75685,42562,1664.78,22.7
2019-05-22,2019,5,Çrᗺmba,718378,739930,186573,252061,173576,87847,54316,1456.1,24.4
2019-05-23,2019,5,Perᗾmbe,729898,751794,161664,267078,175036,83283,41093,1733.09,25.2
2019-05-24,2019,5,Cuma,707971,729210,168562,229686,160637,83530,57433,1485.83,28.6
2019-05-25,2019,5,Cumartesi,610556,628873,151205,199404,138858,64932,42486,1541.52,26.9
2019-05-26,2019,5,Pazar,575194,592450,143622,202963,152299,65688,44163,1702.15,26.1
2019-05-27,2019,5,Pazartesi,696090,716973,166724,247686,150670,79042,51358,1742.76,21.5
2019-05-28,2019,5,Salı,690674,711394,161445,253506,164087,78908,56453,1302.34,26.3
2019-05-29,2019,5,Çrᗺmba,729146,751020,182710,265612,183214,71585,50240,1586.08,24.7
2019-05-30,2019,5,Perᗾmbe,737359,759479,181455,241160,199341,98375,41266,1645.82,26.6
2019-05-31,2019,5,Cuma,700658,721678,163101,235139,198501,67198,58584,1527.43,23.6
2019-06-01,2019,6,Cumartesi,622190,640856,155605,237301,160543,41957,48677,1526.16,22.9
2019-06-02,2019,6,Pazar,579412,596795,146394,210043,133152,41542,41816,1978.69,21.9
2019-06-03,2019,6,Pazartesi,737929,760067,167927,265006,209713,73488,71967,1273.72,25.4
2019-06-04,2019,6,Salı,713490,734895,174929,266499,180266,68353,43048,1458.46,29.8
2019-06-05,2019,6,Çrᗺmba,712736,734119,163646,242398,172873,82066,40572,1812.81,23.5
2019-06-06,2019,6,Perᗾmbe,741088,763321,177037,245040,184087,77159,34985,1562.61,27.8
2019-06-07,2019,6,Cuma,703484,724589,137644,244393,166442,68088,56832,1016.7,23.5
2019-06-08,2019,6,Cumartesi,584273,601801,147122,189982,126104,55992,44807,1630.23,28.7
2019-06-09,2019,6,Pazar,629531,648417,134719,225381,138473,84128,39004,1643.29,28.2
2019-06-10,2019,6,Pazartesi,689426,710109,152181,233040,173776,94654,41963,1486.99,26
2019-06-11,2019,6,Salı,764747,787689,225759,269028,164588,62711,49817,1803.67,26
2019-06-12,2019,6,Çrᗺmba,694765,715608,165823,236730,173535,67379,48451,1852.09,23.3
2019-06-13,2019,6,Perᗾmbe,700654,721674,177221,224304,125198,70044,60650,1750.59,25.9
2019-06-14,2019,6,Cuma,720262,741870,135748,268664,152028,94576,52271,2195.2,29.3
2019-06-15,2019,6,Cumartesi,636668,655768,166162,215028,157481,41675,37080,1676.83,25.1
2019-06-16,2019,6,Pazar,626466,645260,146591,225071,165032,61058,51980,1713.8,26.7
2019-06-17,2019,6,Pazartesi,741000,763230,163114,237919,171548,108874,62972,1154.35,25.3
2019-06-18,2019,6,Salı,712258,733626,172075,261246,162332,56366,37766,1565,29.7
2019-06-19,2019,6,Çrᗺmba,708080,729322,170685,278646,167843,85019,53977,1364.78,22.5
2019-06-20,2019,6,Perᗾmbe,736003,758083,154852,268054,163446,84186,49661,1286.03,25.7
2019-06-21,2019,6,Cuma,716204,737690,154567,245798,160988,67902,54620,1311.72,27.9
2019-06-22,2019,6,Cumartesi,643814,663128,196970,224588,160381,68610,53487,1084.89,22.1
2019-06-23,2019,6,Pazar,593601,611409,132530,210390,151544,72863,48798,1431.12,28.9
2019-06-24,2019,6,Pazartesi,680904,701331,186039,243596,149089,72158,51486,2093.01,26.4
2019-06-25,2019,6,Salı,757565,780292,158131,254730,187337,98949,58692,1468.9,30.1
2019-06-26,2019,6,Çrᗺmba,740010,762210,178798,249887,148200,69514,58842,1526.26,22.4
2019-06-27,2019,6,Perᗾmbe,763661,786570,147729,292837,159705,42448,69619,1594.14,29.4
2019-06-28,2019,6,Cuma,750403,772915,207279,277640,152689,72665,52587,1765.73,26.7
2019-06-29,2019,6,Cumartesi,625088,643841,144353,223685,148732,78516,47492,1449.26,26.1
2019-06-30,2019,6,Pazar,623128,641822,145395,225374,140106,61796,31119,1486.69,26.8
2019-07-01,2019,7,Pazartesi,709656,730945,183857,238382,157988,72697,50656,1767.89,30.7
2019-07-02,2019,7,Salı,774508,797744,148916,284470,178939,65731,55445,1284.87,26.2
2019-07-03,2019,7,Çrᗺmba,764733,787675,149740,272414,176753,77992,51534,1705.05,25.9
2019-07-04,2019,7,Perᗾmbe,753620,776229,176846,250991,184229,56097,60582,1866.06,27.8
2019-07-05,2019,7,Cuma,747847,770282,175667,251336,164637,91826,57106,1800.8,27.6
2019-07-06,2019,7,Cumartesi,653963,673582,148128,222918,138049,47042,38990,1848.51,29.8
2019-07-07,2019,7,Pazar,640767,659990,153805,259705,157111,54262,47645,1204.03,27.3
2019-07-08,2019,7,Pazartesi,760809,783633,204565,259194,147190,86679,60393,1305.5,21.5
2019-07-09,2019,7,Salı,770216,793323,190815,297187,152003,90826,44279,1704.69,29.5
2019-07-10,2019,7,Çrᗺmba,739192,761367,206763,244717,149985,68313,65184,1804.62,27.4
2019-07-11,2019,7,Perᗾmbe,767150,790165,171354,278670,182808,73573,61394,1508.59,27.9
2019-07-12,2019,7,Cuma,764235,787162,191355,273573,158201,63662,60541,1719.56,31.3
2019-07-13,2019,7,Cumartesi,657474,677198,158391,225979,149779,53480,40444,1493.55,26.1
2019-07-14,2019,7,Pazar,643346,662647,142969,213199,116367,79002,53327,1741.81,25.9
2019-07-15,2019,7,Pazartesi,765469,788433,205447,276398,173230,119842,68003,1793.39,29.1
2019-07-16,2019,7,Salı,793844,817660,215297,291865,147209,81084,62043,1830.82,25.7
2019-07-17,2019,7,Çrᗺmba,754717,777358,186028,241617,157155,72440,43616,1577.4,28.3
2019-07-18,2019,7,Perᗾmbe,792250,816018,185411,296402,161858,67091,52545,1589.91,27.7
2019-07-19,2019,7,Cuma,787673,811303,167992,262105,162727,99027,55547,1591.24,28.3
2019-07-20,2019,7,Cumartesi,704233,725360,169056,242356,135372,86128,48815,1652.57,26.9
2019-07-21,2019,7,Pazar,643174,662469,161176,208230,119409,62618,47973,1573.99,25.1
2019-07-22,2019,7,Pazartesi,782340,805810,170393,266426,116889,86423,49012,2177.77,27.1
2019-07-23,2019,7,Salı,771996,795155,192384,283134,145232,102034,58116,1928.64,25.6
2019-07-24,2019,7,Çrᗺmba,781750,805202,199484,281129,132339,46062,50208,1401.24,29.3
2019-07-25,2019,7,Perᗾmbe,811717,836068,160489,280098,148172,67603,68546,1354.99,29.9
2019-07-26,2019,7,Cuma,809600,833888,189988,292697,182254,62040,61586,1486.02,25.7
2019-07-27,2019,7,Cumartesi,661588,681436,162459,217040,126398,66709,39765,1488.75,28.3
2019-07-28,2019,7,Pazar,727273,749091,135133,281135,140019,82105,48569,1258.61,23.7
2019-07-29,2019,7,Pazartesi,814304,838733,175664,293407,175388,105631,49738,1563.25,25.8
2019-07-30,2019,7,Salı,768989,792059,183846,246042,159020,86711,43349,2162.92,22.9
2019-07-31,2019,7,Çrᗺmba,814653,839093,183672,280316,165540,93051,69789,1779.16,32.1
2019-08-01,2019,8,Perᗾmbe,785653,809223,203436,277195,148422,81425,52421,1747.2,27.2
2019-08-02,2019,8,Cuma,794066,817888,195983,279046,160491,104371,53150,2112.22,25.4
2019-08-03,2019,8,Cumartesi,697426,718349,167560,218825,122548,58233,44282,1600.5,26.9
2019-08-04,2019,8,Pazar,716594,738092,163638,231567,151028,96427,50777,1507.27,21.4
2019-08-05,2019,8,Pazartesi,818139,842683,179702,276860,155904,47422,70156,1506.51,21.2
2019-08-06,2019,8,Salı,790697,814418,175446,307327,124978,77884,55173,1681.7,30.4
2019-08-07,2019,8,Çrᗺmba,807539,831765,194830,259399,123698,94066,41279,1803.04,26.3
2019-08-08,2019,8,Perᗾmbe,847919,873356,238200,313502,142662,89623,48292,1523.54,27.6
2019-08-09,2019,8,Cuma,852535,878111,223789,268320,139407,86600,67224,1548.8,23.2
2019-08-10,2019,8,Cumartesi,693802,714617,171679,249058,108798,65403,47620,1342.4,20.3
2019-08-11,2019,8,Pazar,704957,726106,152797,220871,122620,50064,51992,1783,23.4
2019-08-12,2019,8,Pazartesi,813501,837906,186863,290983,136465,85166,57567,1811.59,22.8
2019-08-13,2019,8,Salı,861863,887719,211713,283213,129665,55104,58619,1499.85,21.9
2019-08-14,2019,8,Çrᗺmba,848112,873556,215362,311469,150773,76604,49999,1388.99,21.2
2019-08-15,2019,8,Perᗾmbe,830467,855381,210214,281265,148808,90409,70769,1635.14,21.4
2019-08-16,2019,8,Cuma,844313,869642,220708,299163,135863,62359,59382,1631.2,29.2
2019-08-17,2019,8,Cumartesi,766713,789714,215330,268566,125470,48154,56146,1742.53,22.5
2019-08-18,2019,8,Pazar,707439,728662,153825,261068,142334,70817,51051,1769.46,28.1
2019-08-19,2019,8,Pazartesi,816248,840735,200671,276234,151728,66677,44142,1681.14,25.5
2019-08-20,2019,8,Salı,848435,873888,192331,304220,143242,98523,38622,1371.73,26.3
2019-08-21,2019,8,Çrᗺmba,867232,893249,183422,326442,153305,97166,62848,1924.55,26
2019-08-22,2019,8,Perᗾmbe,863090,888983,179451,301559,165132,94994,68690,1806.03,22.1
2019-08-23,2019,8,Cuma,854362,879993,210194,326115,149921,76145,55674,1649.66,22.5
2019-08-24,2019,8,Cumartesi,756261,778949,173875,253204,142370,80427,39907,1638.92,21.3
2019-08-25,2019,8,Pazar,759422,782204,207740,261675,122982,70919,51939,1768.57,24.3
2019-08-26,2019,8,Pazartesi,870593,896710,228912,290736,128880,79721,52520,1327.12,26.8
2019-08-27,2019,8,Salı,891529,918275,209440,293859,124334,79685,44587,1624.26,19.4
2019-08-28,2019,8,Çrᗺmba,855553,881219,170233,333575,132312,109286,60443,1636.62,23.2
2019-08-29,2019,8,Perᗾmbe,877223,903540,221952,316377,145234,110748,61811,1543.98,19.5
2019-08-30,2019,8,Cuma,893641,920450,233024,315652,128537,97542,47459,1453.09,19.9
2019-08-31,2019,8,Cumartesi,787860,811496,172862,242168,119151,101157,43598,1531.65,22.3
2019-09-01,2019,9,Pazar,785239,808796,202724,256312,116385,64378,45099,1634.48,22.9
2019-09-02,2019,9,Pazartesi,884566,911103,176337,314160,151999,67644,41864,1696.64,27.3
2019-09-03,2019,9,Salı,874687,900927,165347,333196,151821,89519,56261,1975.95,21.6
2019-09-04,2019,9,Çrᗺmba,888776,915439,237842,289343,137729,129368,47013,1423.01,24.6
2019-09-05,2019,9,Perᗾmbe,899166,926141,198367,312084,154669,89815,43865,1478.41,20.4
2019-09-06,2019,9,Cuma,897986,924926,223479,286636,130084,88616,53209,1466.2,19.2
2019-09-07,2019,9,Cumartesi,786019,809599,212407,257370,133197,95273,49976,1594.41,20.3
2019-09-08,2019,9,Pazar,767088,790100,198757,262204,120009,99708,49184,1820.58,23.9
2019-09-09,2019,9,Pazartesi,875145,901399,197411,278780,143007,92154,49745,1971.68,17.2
2019-09-10,2019,9,Salı,885979,912558,223955,281539,125409,51550,49599,1704.09,26
2019-09-11,2019,9,Çrᗺmba,899942,926941,218588,310697,144105,119001,43080,1318.25,20.1
2019-09-12,2019,9,Perᗾmbe,941290,969529,244613,339332,161341,88661,52134,1605.78,19.3
2019-09-13,2019,9,Cuma,868519,894575,180914,283830,122563,91663,35152,1702.15,19.5
2019-09-14,2019,9,Cumartesi,818597,843155,201493,301770,163301,56689,43850,1925.17,22.7
2019-09-15,2019,9,Pazar,810436,834749,193266,265347,107422,73079,50508,2118.46,21.3
2019-09-16,2019,9,Pazartesi,902975,930064,193092,339948,139272,104987,48304,1518.75,22.6
2019-09-17,2019,9,Salı,922010,949670,227746,311991,157932,106124,60880,1812.14,16.1
2019-09-18,2019,9,Çrᗺmba,910069,937371,190982,314225,179678,80548,45283,1553.33,19.5
2019-09-19,2019,9,Perᗾmbe,948146,976591,200242,283928,165034,109574,34412,1441.05,18.3
2019-09-20,2019,9,Cuma,948017,976457,255407,351923,146296,112384,65565,1360.95,20.6
2019-09-21,2019,9,Cumartesi,798767,822730,172430,291937,127510,82689,41572,1477.27,20.5
2019-09-22,2019,9,Pazar,819819,844414,191286,279605,88177,84993,48543,1387.63,19.7
2019-09-23,2019,9,Pazartesi,896404,923296,177045,309966,159999,79437,40861,1518.1,14
2019-09-24,2019,9,Salı,939192,967368,217013,334663,107403,103506,59135,1793.29,16.4
2019-09-25,2019,9,Çrᗺmba,912618,939996,284911,322179,158931,100570,38395,1726.24,17
2019-09-26,2019,9,Perᗾmbe,935543,963609,269597,313612,140529,84236,63723,1395.52,19.3
2019-09-27,2019,9,Cuma,943039,971330,238300,316294,140318,110414,30850,1489.1,15
2019-09-28,2019,9,Cumartesi,835269,860327,179851,278556,123851,76235,40966,1800.51,16.5
2019-09-29,2019,9,Pazar,833224,858220,225688,277825,181527,98764,47429,2028.78,19.5
2019-09-30,2019,9,Pazartesi,941485,969730,225986,308487,162881,90997,43219,2058.25,19.9
2019-10-01,2019,10,Salı,940066,968268,226960,366773,150904,100645,49295,1735.59,15.3
2019-10-02,2019,10,Çrᗺmba,962348,991219,240954,337050,149034,126204,55918,1807.62,19.2
2019-10-03,2019,10,Perᗾmbe,918681,946241,200967,319546,168732,81776,43752,1710.43,21
2019-10-04,2019,10,Cuma,941006,969236,225648,340020,141011,79974,42675,1647.72,13.1
2019-10-05,2019,10,Cumartesi,864527,890463,234651,273783,142285,94922,43666,1600.46,13.5
2019-10-06,2019,10,Pazar,858890,884656,197919,284042,148150,106576,39934,1555.04,12.3
2019-10-07,2019,10,Pazartesi,938978,967147,260141,290852,159414,142410,43863,1561.15,15.4
2019-10-08,2019,10,Salı,948280,976729,198785,331476,146030,104150,49857,1907.22,15.9
2019-10-09,2019,10,Çrᗺmba,963997,992917,190444,332969,129323,69045,47865,2062.35,19.8
2019-10-10,2019,10,Perᗾmbe,974492,1003727,226079,340832,187021,115757,37485,1725.9,13.5
2019-10-11,2019,10,Cuma,922420,950092,217616,287397,125565,99003,45459,1580.27,12.5
2019-10-12,2019,10,Cumartesi,845492,870857,197037,301133,108703,121928,36776,1595.95,15.5
2019-10-13,2019,10,Pazar,861965,887823,192956,317794,148995,91679,60325,1652.09,12.4
2019-10-14,2019,10,Pazartesi,953366,981967,215069,342941,157960,96817,41924,1667.92,11.3
2019-10-15,2019,10,Salı,953434,982037,232986,363842,147917,105593,31328,953.63,14.4
2019-10-16,2019,10,Çrᗺmba,988687,1018347,221983,360785,168202,103260,52148,1727.66,15.2
2019-10-17,2019,10,Perᗾmbe,965168,994123,204807,356957,121869,64964,40581,1233.99,15
2019-10-18,2019,10,Cuma,964325,993254,218566,322051,153295,103499,43917,1752.22,11.1
2019-10-19,2019,10,Cumartesi,845901,871279,177464,263362,155415,87337,31067,1753.98,9.9
2019-10-20,2019,10,Pazar,849394,874876,195730,282325,125178,99216,24995,1604.79,16.7
2019-10-21,2019,10,Pazartesi,975457,1004721,248804,354312,160172,86253,66760,1557.63,11.4
2019-10-22,2019,10,Salı,957379,986100,242669,341011,111551,87705,39994,2222.88,15.7
2019-10-23,2019,10,Çrᗺmba,974567,1003804,241278,338645,121065,78116,27503,1565.91,12.5
2019-10-24,2019,10,Perᗾmbe,973394,1002596,257847,361080,155130,68537,28623,1784.91,10.5
2019-10-25,2019,10,Cuma,975284,1004542,218284,303224,161890,80179,38799,1465.37,12.9
2019-10-26,2019,10,Cumartesi,887181,913796,211551,297247,150732,102973,37522,1796.04,14.4
2019-10-27,2019,10,Pazar,884940,911488,234439,321267,145142,84575,27742,1463.76,7.7
2019-10-28,2019,10,Pazartesi,960571,989388,210455,352684,160980,91498,46815,1990.45,11.1
2019-10-29,2019,10,Salı,977438,1006761,208010,346213,143740,92573,20434,1384.09,11.6
2019-10-30,2019,10,Çrᗺmba,976081,1005364,258544,326302,155223,83783,43880,1546.09,9
2019-10-31,2019,10,Perᗾmbe,977270,1006589,243211,342028,154895,108185,46029,1743.09,10.8
2019-11-01,2019,11,Cuma,934469,962503,211624,321725,172023,114724,31409,1459.94,8.3
2019-11-02,2019,11,Cumartesi,887345,913966,224168,299679,126051,65164,45965,1663.22,10.3
2019-11-03,2019,11,Pazar,881048,907479,158065,324579,163279,90698,32012,1320.83,10.5
2019-11-04,2019,11,Pazartesi,960135,988940,246552,289626,146586,70932,41159,1505.95,8.7
2019-11-05,2019,11,Salı,981407,1010850,235444,369166,180896,79413,27221,1684.58,6.3
2019-11-06,2019,11,Çrᗺmba,981541,1010987,260141,337690,157686,143499,28042,1907.92,8.2
2019-11-07,2019,11,Perᗾmbe,986884,1016491,248705,356267,193630,111628,33142,1180.23,10.7
2019-11-08,2019,11,Cuma,989561,1019248,208880,384269,175682,113884,27215,1923.84,13.8
2019-11-09,2019,11,Cumartesi,906111,933294,183573,322092,167359,82447,32259,1550.5,5.9
2019-11-10,2019,11,Pazar,905912,933090,187338,317559,123698,84577,45264,1689.27,13.1
2019-11-11,2019,11,Pazartesi,1016187,1046673,217845,353286,204590,138424,44545,1687.79,8.9
2019-11-12,2019,11,Salı,974180,1003405,165442,310110,145177,97982,60413,1476.21,7.6
2019-11-13,2019,11,Çrᗺmba,983639,1013148,227370,328245,203191,97716,34879,1897.36,10.3
2019-11-14,2019,11,Perᗾmbe,995870,1025746,185495,356403,170574,78577,43553,1556.15,8.6
2019-11-15,2019,11,Cuma,957159,985874,218024,337824,184074,103078,35403,1265.27,7.9
2019-11-16,2019,11,Cumartesi,908686,935946,249901,301641,196779,84945,31786,1943.96,4.7
2019-11-17,2019,11,Pazar,908311,935560,196867,317420,143733,91458,27137,1291.12,8.2
2019-11-18,2019,11,Pazartesi,978448,1007801,267004,343481,178611,131801,38341,1988.54,6
2019-11-19,2019,11,Salı,993920,1023737,239070,364745,168054,118313,28232,1599.52,4.8
2019-11-20,2019,11,Çrᗺmba,1000732,1030754,190471,357312,147513,131144,36536,1468.1,9.1
2019-11-21,2019,11,Perᗾmbe,1005984,1036163,232371,369002,166381,125163,22952,1803.26,7.8
2019-11-22,2019,11,Cuma,981656,1011106,235118,337742,160593,106292,43726,1615.26,6.3
2019-11-23,2019,11,Cumartesi,877295,903614,169325,304443,171093,81831,28411,1752.17,8.8
2019-11-24,2019,11,Pazar,866472,892466,189491,292351,160838,98390,41890,1842.53,9.1
2019-11-25,2019,11,Pazartesi,981708,1011159,231623,345733,138613,101631,30207,1869.31,2.9
2019-11-26,2019,11,Salı,960506,989322,241841,324973,170652,116606,28869,1981.46,8.6
2019-11-27,2019,11,Çrᗺmba,953767,982380,267054,337880,171658,100322,27691,1248.65,3.6
2019-11-28,2019,11,Perᗾmbe,987044,1016655,203936,332114,217018,91799,22745,1612.45,8.3
2019-11-29,2019,11,Cuma,963587,992495,233415,310317,214463,69069,33447,1457.59,7.3
2019-11-30,2019,11,Cumartesi,859111,884885,194303,311670,189595,98434,14743,1542.64,4.1
2019-12-01,2019,12,Pazar,883041,909532,162208,306579,163542,97629,33122,1606.74,5.2
2019-12-02,2019,12,Pazartesi,986502,1016097,211859,308350,171063,54899,10782,2127.47,6.6
2019-12-03,2019,12,Salı,985076,1014628,237643,326852,206428,101244,24868,1720.76,7.8
2019-12-04,2019,12,Çrᗺmba,1002526,1032601,223667,366777,184290,79371,47037,1854.29,6.8
2019-12-05,2019,12,Perᗾmbe,955521,984187,238315,330028,206891,107367,23595,1791.28,5.3
2019-12-06,2019,12,Cuma,972671,1001851,235689,326417,180488,68978,36621,1787.46,4.1
2019-12-07,2019,12,Cumartesi,891724,918475,202584,305704,170342,113149,54355,1783.85,5.5
2019-12-08,2019,12,Pazar,895093,921946,183387,327692,184824,68165,10751,1443.25,4.3
2019-12-09,2019,12,Pazartesi,975710,1004981,269785,363372,205482,91313,44778,1960.28,3.6
2019-12-10,2019,12,Salı,1012562,1042939,247999,368804,187782,119472,21368,1970.97,8.1
2019-12-11,2019,12,Çrᗺmba,988971,1018640,226057,364327,205076,105009,28533,1907.31,7.4
2019-12-12,2019,12,Perᗾmbe,957812,986546,237705,331701,181269,99108,16499,1737.34,-2.1
2019-12-13,2019,12,Cuma,1016654,1047153,231674,361191,219536,77516,13089,2005.4,3.4
2019-12-14,2019,12,Cumartesi,844838,870183,177158,294509,167983,76892,31102,1331.5,2.7
2019-12-15,2019,12,Pazar,833320,858320,178856,321358,160791,74314,15439,1979.48,3.4
2019-12-16,2019,12,Pazartesi,962550,991426,220554,335804,213993,87940,22926,1481.14,3.1
2019-12-17,2019,12,Salı,957009,985720,247752,335114,205101,78556,26199,1175.15,4.6
2019-12-18,2019,12,Çrᗺmba,950266,978774,205446,373099,219818,64834,28918,1715.01,-1.7
2019-12-19,2019,12,Perᗾmbe,963084,991977,238564,332284,186123,93865,26775,1367.02,2.2
2019-12-20,2019,12,Cuma,966029,995010,251761,355790,209702,81907,28011,1849.91,0.3
2019-12-21,2019,12,Cumartesi,836257,861344,233928,274609,169435,50619,22567,1616.91,5.4
2019-12-22,2019,12,Pazar,851381,876922,213406,295472,177271,72957,27782,1468.31,1
2019-12-23,2019,12,Pazartesi,977969,1007308,190928,350683,221427,143145,19967,1390.63,3.9
2019-12-24,2019,12,Salı,962127,990991,226238,383048,193398,90629,16569,1659.52,3
2019-12-25,2019,12,Çrᗺmba,1002052,1032114,239629,335270,212855,115853,27494,1650.61,5.4
2019-12-26,2019,12,Perᗾmbe,959407,988189,229349,327984,201570,87516,23037,2033.35,-0.7
2019-12-27,2019,12,Cuma,972688,1001869,197550,327196,218176,120733,43136,1786.5,-2.2
2019-12-28,2019,12,Cumartesi,849347,874827,177629,274367,184959,89253,18154,1859.83,3.3
2019-12-29,2019,12,Pazar,829604,854492,197806,254172,149395,104978,29129,1347.51,6.1
2019-12-30,2019,12,Pazartesi,951819,980374,199952,358432,208939,92600,28677,1718.79,4.4
2019-12-31,2019,12,Salı,922833,950517,209520,290959,196661,91988,26327,2020.34,-1.3
2020-01-01,2020,1,Çrᗺmba,937460,965584,245771,330326,216289,71789,33457,1426.67,3
2020-01-02,2020,1,Perᗾmbe,921200,948836,211353,343816,233777,103928,31998,1682.24,4.4
2020-01-03,2020,1,Cuma,949893,978390,244536,345583,221458,116285,30140,1656.4,1.9
2020-01-04,2020,1,Cumartesi,865580,891547,180860,287709,202382,65563,38427,1397.75,5.3
2020-01-05,2020,1,Pazar,840599,865816,217737,293530,219237,55080,34125,1606.79,-3.1
2020-01-06,2020,1,Pazartesi,962299,991168,262750,330034,209337,98340,38993,2085.42,0.7
2020-01-07,2020,1,Salı,916118,943601,229944,332705,185143,89091,29184,2129.92,2.7
2020-01-08,2020,1,Çrᗺmba,924732,952474,201051,328945,242693,90094,42489,1736.77,2.8
2020-01-09,2020,1,Perᗾmbe,943633,971942,227495,316573,225637,67470,14090,1532.75,-0.2
2020-01-10,2020,1,Cuma,968344,997394,247428,338912,228825,113506,39917,2046.25,1.7
2020-01-11,2020,1,Cumartesi,813208,837604,231579,301913,192024,92925,37588,1889.03,4.2
2020-01-12,2020,1,Pazar,831772,856726,229662,294155,199108,92223,23076,1954.97,2.6
2020-01-13,2020,1,Pazartesi,934435,962468,212838,343935,213615,117233,42498,1047.72,2.8
2020-01-14,2020,1,Salı,951031,979562,226071,361298,199607,87811,30364,1762.06,3.4
2020-01-15,2020,1,Çrᗺmba,938807,966971,175680,354898,195784,74626,37233,1776.96,0.4
2020-01-16,2020,1,Perᗾmbe,910329,937639,165334,355124,208251,102109,27539,1607.99,5.3
2020-01-17,2020,1,Cuma,984794,1014337,219482,339875,207723,120801,43768,1995.77,5.4
2020-01-18,2020,1,Cumartesi,815221,839677,202526,265719,215936,106770,39293,1673.2,-2.5
2020-01-19,2020,1,Pazar,800106,824109,215992,284498,198662,70997,12794,1506.06,-0.4
2020-01-20,2020,1,Pazartesi,941306,969545,235392,334993,201393,97865,34518,2215.6,2.3
2020-01-21,2020,1,Salı,921170,948806,193579,319076,204211,89894,33130,1677.02,3.2
2020-01-22,2020,1,Çrᗺmba,933564,961571,199266,308899,251458,99463,33627,1608.09,1.5
2020-01-23,2020,1,Perᗾmbe,918303,945852,229576,317227,179397,99286,25856,2116.86,4.2
2020-01-24,2020,1,Cuma,890290,916999,216075,288305,211103,105892,49580,1679.27,0.6
2020-01-25,2020,1,Cumartesi,783312,806811,162702,281440,163015,76535,27791,1457.16,1.1
2020-01-26,2020,1,Pazar,796152,820037,150105,283396,214308,81032,27684,1581.86,1.9
2020-01-27,2020,1,Pazartesi,900134,927138,225444,275545,206777,68934,23903,1711.07,3.8
2020-01-28,2020,1,Salı,871448,897592,180407,320543,198729,81807,29016,1636.98,3.6
2020-01-29,2020,1,Çrᗺmba,902855,929941,179897,318475,224340,111295,37962,1841.42,4.3
2020-01-30,2020,1,Perᗾmbe,891396,918138,250027,348325,227202,104545,32791,2067.09,4.8
2020-01-31,2020,1,Cuma,914475,941909,151180,336192,247157,97294,30714,1735.77,4.2
2020-02-01,2020,2,Cumartesi,818580,843138,200851,306665,166695,67939,26711,1369.47,3.5
2020-02-02,2020,2,Pazar,810617,834936,178775,264935,184473,85643,34749,1943.23,6.5
2020-02-03,2020,2,Pazartesi,893103,919896,188907,345478,209153,89974,36966,2006.38,2.3
2020-02-04,2020,2,Salı,868135,894179,191075,303360,204595,78040,27585,1724.78,0.5
2020-02-05,2020,2,Çrᗺmba,883916,910433,259817,317463,225106,94983,32627,1615.88,4.1
2020-02-06,2020,2,Perᗾmbe,885322,911882,214703,294595,201532,108822,38515,1606.76,6.6
2020-02-07,2020,2,Cuma,889887,916583,220170,299873,232286,107767,45315,2183.67,1.5
2020-02-08,2020,2,Cumartesi,749482,771967,152438,283605,168719,62784,14104,1244.97,4.4
2020-02-09,2020,2,Pazar,776942,800250,196116,252308,180406,72969,44981,1816.87,2.3
2020-02-10,2020,2,Pazartesi,894974,921823,173433,305469,197646,123167,33869,2053.91,4
2020-02-11,2020,2,Salı,862575,888452,185773,311694,207057,98969,22210,2064.32,7.1
2020-02-12,2020,2,Çrᗺmba,879823,906218,190116,288865,212119,105810,47821,1834.1,2.1
2020-02-13,2020,2,Perᗾmbe,858586,884344,186064,306828,223542,55857,36166,1911.58,3.4
2020-02-14,2020,2,Cuma,854032,879652,215134,282174,220503,77229,44090,1952.84,7.5
2020-02-15,2020,2,Cumartesi,774642,797881,148740,273973,199051,68037,21197,1604.26,6.7
2020-02-16,2020,2,Pazar,743478,765782,172956,258044,204920,64253,32114,1587.49,3.2
2020-02-17,2020,2,Pazartesi,876625,902924,214188,299847,229291,103339,43530,1599.1,4.4
2020-02-18,2020,2,Salı,840602,865820,185685,302155,232250,95922,27323,1570.25,10
2020-02-19,2020,2,Çrᗺmba,850826,876351,178637,299463,216002,82291,45453,1643.33,3.9
2020-02-20,2020,2,Perᗾmbe,861604,887452,225553,282118,229533,95708,35890,1679.3,8.6
2020-02-21,2020,2,Cuma,848864,874330,219714,290475,237311,95303,35525,1855.43,1.1
2020-02-22,2020,2,Cumartesi,754397,777029,169058,268372,180074,78199,14818,2352.02,4
2020-02-23,2020,2,Pazar,742649,764928,179356,257288,188278,51378,35360,1633.44,5.7
2020-02-24,2020,2,Pazartesi,853181,878777,223167,287845,262054,112920,38922,1842.78,7.8
2020-02-25,2020,2,Salı,843489,868794,221204,335216,235096,97236,35654,1789.64,7.2
2020-02-26,2020,2,Çrᗺmba,852488,878062,207619,301309,251438,100561,44332,1852,5.4
2020-02-27,2020,2,Perᗾmbe,804992,829141,151377,308229,258480,98458,61246,1859.22,6.8
2020-02-28,2020,2,Cuma,821517,846162,208982,291395,257006,126132,29219,1522.27,6.8
2020-02-29,2020,2,Cumartesi,716912,738419,192677,228636,186608,89446,25311,2065.52,7.9
2020-03-01,2020,3,Pazar,744877,767223,190282,241495,242113,61336,33083,1656.3,9.6
2020-03-02,2020,3,Pazartesi,847680,873110,188282,257733,224406,93138,30378,1822.81,10.6
2020-03-03,2020,3,Salı,830964,855893,239011,279965,246856,100552,32568,2211.83,7.5
2020-03-04,2020,3,Çrᗺmba,841145,866379,174112,270813,215778,60278,40337,1900.24,4.9
2020-03-05,2020,3,Perᗾmbe,848858,874323,197678,300126,213218,79330,24000,1544.53,4.1
2020-03-06,2020,3,Cuma,821088,845721,227838,264308,234711,93762,41287,1782.79,10.9
2020-03-07,2020,3,Cumartesi,700950,721979,142858,229316,234746,82600,16437,1650.02,5.5
2020-03-08,2020,3,Pazar,691366,712107,155294,250303,201968,70299,32308,1550.17,8.7
2020-03-09,2020,3,Pazartesi,809428,833710,209816,290440,228317,77345,33235,1525.5,13.6
2020-03-10,2020,3,Salı,839810,865005,198038,265265,222460,75052,52316,1791.05,6.4
2020-03-11,2020,3,Çrᗺmba,793005,816795,164979,273919,206215,100785,45021,1607.83,8.7
2020-03-12,2020,3,Perᗾmbe,810111,834415,229588,280080,204781,80237,32621,1836.36,10.3
2020-03-13,2020,3,Cuma,796649,820548,189262,264539,188917,95541,45998,1733.76,6.3
2020-03-14,2020,3,Cumartesi,716168,737653,141758,235977,183343,76839,37282,2160.42,13.8
2020-03-15,2020,3,Pazar,631668,650618,159464,222522,162011,62019,33354,1597.34,7.5
2020-03-16,2020,3,Pazartesi,686756,707359,150471,264564,179905,67669,17232,1667.17,14.1
2020-03-17,2020,3,Salı,682569,703046,168036,235155,189535,71685,35485,1710.28,9.3
2020-03-18,2020,3,Çrᗺmba,660093,679896,148918,247745,182739,61739,26335,2037.68,6.2
2020-03-19,2020,3,Perᗾmbe,658548,678305,138268,248580,163817,70040,30371,1663.13,10.2
2020-03-20,2020,3,Cuma,694009,714830,175889,244294,160353,94974,28553,1858.82,15.2
2020-03-21,2020,3,Cumartesi,570239,587346,147966,208912,163645,62555,27782,1474.34,11.4
2020-03-22,2020,3,Pazar,548169,564614,139264,187449,151190,59087,29253,1606.52,11
2020-03-23,2020,3,Pazartesi,655051,674703,163907,217660,181747,31500,36884,1500.41,10.9
2020-03-24,2020,3,Salı,673043,693235,185814,244910,183956,72906,41051,1529.77,7.7
2020-03-25,2020,3,Çrᗺmba,665832,685807,153457,214202,181791,52650,36313,1267.69,7.9
2020-03-26,2020,3,Perᗾmbe,662269,682137,147809,233361,212931,62891,30291,1421.54,14.2
2020-03-27,2020,3,Cuma,651155,670690,167097,235682,190651,82845,44928,1603.25,10.9
2020-03-28,2020,3,Cumartesi,529809,545704,116015,197498,170281,44928,20486,1920.33,12.5
2020-03-29,2020,3,Pazar,558816,575580,139683,205034,173984,59686,44979,1425.82,14
2020-03-30,2020,3,Pazartesi,651138,670672,146628,212897,181495,79668,34709,1630.46,15.2
2020-03-31,2020,3,Salı,661273,681111,162579,243802,173380,53993,31871,1539.36,13.1
2020-04-01,2020,4,Çrᗺmba,647525,666950,131535,203643,173315,50219,38945,1965.13,10.3
2020-04-02,2020,4,Perᗾmbe,643855,663170,147683,222681,172207,61018,36319,1398.85,13.2
2020-04-03,2020,4,Cuma,648409,667861,158742,222400,188587,58945,28687,1565.9,13.7
2020-04-04,2020,4,Cumartesi,544040,560361,155654,176420,137241,49251,29263,1481.78,17.2
2020-04-05,2020,4,Pazar,548210,564657,141472,186686,149641,59522,28454,1919.63,14
2020-04-06,2020,4,Pazartesi,635324,654384,143140,223684,191073,53358,32595,1849.82,14.9
2020-04-07,2020,4,Salı,659862,679658,155854,211838,178289,53300,45930,1830.28,15.7
2020-04-08,2020,4,Çrᗺmba,633162,652157,139586,199256,187101,74806,40896,1605.6,14
2020-04-09,2020,4,Perᗾmbe,601683,619734,105472,191175,158022,73254,45019,2011.83,17.2
2020-04-10,2020,4,Cuma,653719,673331,146562,240049,174112,37003,24832,1660.24,18.2
2020-04-11,2020,4,Cumartesi,555572,572240,139500,194739,154364,38351,42649,1988.72,17.6
2020-04-12,2020,4,Pazar,525115,540869,115316,180710,152535,42657,30737,1929.31,18.1
2020-04-13,2020,4,Pazartesi,619412,637995,143227,202085,187115,54161,38411,2013.78,14.1
2020-04-14,2020,4,Salı,670479,690594,165873,226630,173252,87984,35801,1217.68,19.5
2020-04-15,2020,4,Çrᗺmba,658368,678119,206141,212340,188741,78840,36299,1654.02,20.5
2020-04-16,2020,4,Perᗾmbe,639687,658877,131133,209730,174730,63870,52825,1483.14,18.4
2020-04-17,2020,4,Cuma,622791,641475,138027,240843,176715,63549,35505,1999.49,16.6
2020-04-18,2020,4,Cumartesi,533308,549308,149668,191921,152505,53862,39471,1699.71,16.8
2020-04-19,2020,4,Pazar,543468,559772,154521,193505,164036,57200,39119,1589.28,16.4
2020-04-20,2020,4,Pazartesi,620791,639415,138324,204672,154567,80690,55199,1644.64,20.8
2020-04-21,2020,4,Salı,644906,664254,126085,223084,160377,81741,40410,1518.3,12.4
2020-04-22,2020,4,Çrᗺmba,623044,641735,171293,203157,148674,54714,35144,2024.09,16.2
2020-04-23,2020,4,Perᗾmbe,619963,638562,162387,203610,160190,70728,41960,1693.65,18
2020-04-24,2020,4,Cuma,651712,671263,160790,226739,189802,54562,45240,1976.71,14.8
2020-04-25,2020,4,Cumartesi,569084,586156,117363,204793,135916,67483,39202,1748.89,18.2
2020-04-26,2020,4,Pazar,527279,543098,133277,168771,149828,70176,29109,1843.03,15.3
2020-04-27,2020,4,Pazartesi,599681,617671,127517,211578,162831,66012,48999,1960.56,22.4
2020-04-28,2020,4,Salı,615418,633881,165792,220098,159762,63653,46759,1810.81,14.9
2020-04-29,2020,4,Çrᗺmba,612956,631345,139875,199297,175089,77272,42709,1419.99,18.2
2020-04-30,2020,4,Perᗾmbe,630630,649548,154215,228920,178193,76511,40220,1861.48,19.4
2020-05-01,2020,5,Cuma,609741,628033,147457,193313,148656,68120,35543,1817.7,21
2020-05-02,2020,5,Cumartesi,508347,523598,144010,174982,139761,37835,24508,1314.77,23.6
2020-05-03,2020,5,Pazar,511409,526751,133554,175864,142136,54830,33298,1288.89,20.1
2020-05-04,2020,5,Pazartesi,616402,634894,146486,236045,170325,64397,29074,1746.97,19.9
2020-05-05,2020,5,Salı,635158,654213,153465,224675,159439,75433,43479,1693.45,20.7
2020-05-06,2020,5,Çrᗺmba,627777,646611,160384,235623,160693,63271,43916,1860.21,24.4
2020-05-07,2020,5,Perᗾmbe,608325,626574,138153,189715,171978,82210,43805,2096.51,16.4
2020-05-08,2020,5,Cuma,620134,638738,139971,213280,164929,63511,44909,1693.32,21.1
2020-05-09,2020,5,Cumartesi,508313,523562,127287,172411,148001,29931,39880,1379.03,17.4
2020-05-10,2020,5,Pazar,526607,542405,117780,199881,128750,45188,36648,1801.74,21.9
2020-05-11,2020,5,Pazartesi,605341,623501,138741,222124,141796,41694,40113,1979.82,20.5
2020-05-12,2020,5,Salı,651542,671089,165631,225869,159509,61947,52721,1341.54,23.8
2020-05-13,2020,5,Çrᗺmba,630053,648954,162055,236442,193726,72624,38365,1607.67,22.1
2020-05-14,2020,5,Perᗾmbe,592539,610315,120390,211753,153511,85663,43448,1710.27,23.4
2020-05-15,2020,5,Cuma,626868,645674,197017,221450,160170,74396,38144,1300.14,19.1
2020-05-16,2020,5,Cumartesi,530601,546519,120547,184564,152591,44044,35110,1310.81,23.2
2020-05-17,2020,5,Pazar,516925,532433,107357,168381,138111,52847,40003,1965.33,23.2
2020-05-18,2020,5,Pazartesi,614152,632577,127697,206341,164230,52912,39114,1399.33,27.2
2020-05-19,2020,5,Salı,572505,589680,143362,185333,162907,74711,50877,1709.43,23
2020-05-20,2020,5,Çrᗺmba,611577,629924,150314,224686,147890,79461,39835,1904.21,23.5
2020-05-21,2020,5,Perᗾmbe,628416,647268,141251,213280,195747,61417,45320,2099.01,21.9
2020-05-22,2020,5,Cuma,645302,664662,160566,210667,167047,62891,36721,1808.22,21.1
2020-05-23,2020,5,Cumartesi,513724,529136,132016,174718,136562,59375,38537,1561.83,22.7
2020-05-24,2020,5,Pazar,555509,572174,118077,201250,156041,64500,42910,1358.99,23.7
2020-05-25,2020,5,Pazartesi,625480,644245,129702,225808,148567,84288,53816,2044.4,25.7
2020-05-26,2020,5,Salı,642018,661278,198389,213672,173446,84811,47043,1675.4,27
2020-05-27,2020,5,Çrᗺmba,585901,603478,124825,218976,165223,47398,48008,1533.54,21.6
2020-05-28,2020,5,Perᗾmbe,606213,624399,133694,203263,146296,65225,43043,1628.99,22.1
2020-05-29,2020,5,Cuma,642805,662089,140525,232381,146491,70213,45285,1706.08,30.9
2020-05-30,2020,5,Cumartesi,488131,502775,113442,180267,120187,43529,41028,1627.27,21.6
2020-05-31,2020,5,Pazar,508340,523590,136808,173418,137609,63252,34820,1854.69,30.1
2020-06-01,2020,6,Pazartesi,629691,648582,129979,232554,154149,68082,43507,1250.63,31.5
2020-06-02,2020,6,Salı,618538,637094,145607,207977,149157,70560,45914,1208.1,22.3
2020-06-03,2020,6,Çrᗺmba,595907,613784,142565,192939,153311,72068,40625,1786.07,20.9
2020-06-04,2020,6,Perᗾmbe,643120,662414,184793,242681,151088,82599,35330,1869.64,27.8
2020-06-05,2020,6,Cuma,618412,636964,139834,233277,170768,70336,54823,1746.38,20.2
2020-06-06,2020,6,Cumartesi,492108,506871,122941,187753,121123,48732,31037,1607.58,24.6
2020-06-07,2020,6,Pazar,532312,548282,117845,173943,125767,79040,39356,1978.67,30.6
2020-06-08,2020,6,Pazartesi,609886,628183,176304,236335,164705,65930,41818,1460.59,23.1
2020-06-09,2020,6,Salı,648401,667853,144770,227011,129573,73840,37098,1340.52,28.6
2020-06-10,2020,6,Çrᗺmba,620341,638951,128661,198014,146666,70670,50268,1218.24,24
2020-06-11,2020,6,Perᗾmbe,593871,611688,131561,210289,130081,74700,25897,1889.69,25.9
2020-06-12,2020,6,Cuma,630515,649430,148058,217302,148296,67079,45394,1424.29,28
2020-06-13,2020,6,Cumartesi,543163,559458,125730,191725,132173,59288,46503,1725.72,25.1
2020-06-14,2020,6,Pazar,515816,531290,122330,171436,129032,57828,40909,1688.29,23.5
2020-06-15,2020,6,Pazartesi,658541,678297,131913,232346,178522,60779,42020,1673.61,25.5
2020-06-16,2020,6,Salı,713697,735108,172373,243615,153176,94466,48486,1846.59,25.2
2020-06-17,2020,6,Çrᗺmba,757811,780545,195908,260400,161156,58034,52947,1838.02,28.8
2020-06-18,2020,6,Perᗾmbe,720738,742360,173061,246728,150624,63921,43273,1848.78,25.5
2020-06-19,2020,6,Cuma,734278,756306,201199,265920,193202,63990,58480,1251.07,26.3
2020-06-20,2020,6,Cumartesi,658015,677755,166178,224351,143406,60442,58370,2125.96,28.2
2020-06-21,2020,6,Pazar,648948,668416,141796,215531,156802,60368,49164,1801.73,26.9
2020-06-22,2020,6,Pazartesi,773217,796413,181340,285726,184331,90190,40001,1928.53,26.2
2020-06-23,2020,6,Salı,749913,772410,166668,264516,170080,94259,55758,1708.54,26
2020-06-24,2020,6,Çrᗺmba,744140,766464,199280,270254,177582,83176,39511,2055.57,28.3
2020-06-25,2020,6,Perᗾmbe,747587,770014,155701,262667,186445,55704,52594,1942.54,27.5
2020-06-26,2020,6,Cuma,749531,772017,186878,247462,167146,55935,40022,2108.12,26.5
2020-06-27,2020,6,Cumartesi,653240,672838,165189,240592,137964,74064,36684,1847.31,26.2
2020-06-28,2020,6,Pazar,650741,670264,128255,216886,139782,51062,63960,1867.3,28.4
2020-06-29,2020,6,Pazartesi,781184,804620,172330,278699,167956,87870,61678,2018.38,29.2
2020-06-30,2020,6,Salı,762391,785263,172844,270077,159031,76077,56736,1274.29,24.9
2020-07-01,2020,7,Çrᗺmba,789871,813567,211669,266516,171815,66745,54818,1766.52,28.7
2020-07-02,2020,7,Perᗾmbe,748869,771335,182702,263648,167262,70038,43350,1935.26,28.8
2020-07-03,2020,7,Cuma,768155,791200,211916,269517,186697,80983,51053,1356.47,26.3
2020-07-04,2020,7,Cumartesi,674906,695153,148197,233967,158771,72573,43685,1659.01,28.8
2020-07-05,2020,7,Pazar,694381,715212,205234,220279,143158,97699,38692,1514.72,28.3
2020-07-06,2020,7,Pazartesi,757518,780244,167218,259777,151472,89401,59836,1732.9,25.6
2020-07-07,2020,7,Salı,799056,823028,188193,314960,154303,82283,58438,1431.23,27.8
2020-07-08,2020,7,Çrᗺmba,768591,791649,173059,268709,160441,64679,61435,2094.52,28.9
2020-07-09,2020,7,Perᗾmbe,787235,810852,146348,279514,173162,73518,54579,1637.39,28.5
2020-07-10,2020,7,Cuma,768295,791344,149819,274222,161552,64107,53653,2014,25.4
2020-07-11,2020,7,Cumartesi,678207,698554,151243,230144,140842,81186,54312,1824,28.7
2020-07-12,2020,7,Pazar,697988,718928,170912,253038,136899,83610,50102,1447.28,25.5
2020-07-13,2020,7,Pazartesi,807468,831692,228000,253427,150642,71323,67598,1935.74,29.2
2020-07-14,2020,7,Salı,789081,812754,219344,247349,179657,64216,55016,2228.16,27.6
2020-07-15,2020,7,Çrᗺmba,779591,802979,179398,271552,155493,55252,60986,1770.84,25.8
2020-07-16,2020,7,Perᗾmbe,787223,810840,195240,268949,155202,89750,61398,1822.08,28.9
2020-07-17,2020,7,Cuma,814731,839173,227672,296699,184437,105149,63847,2185.16,26.6
2020-07-18,2020,7,Cumartesi,686165,706750,163459,238737,127198,82743,58773,1483.76,27.2
2020-07-19,2020,7,Pazar,691062,711794,152316,235437,129496,51532,53315,2173.11,25.1
2020-07-20,2020,7,Pazartesi,810533,834849,166719,292936,193866,85019,54913,1723.93,26
2020-07-21,2020,7,Salı,816813,841318,191886,288008,156693,102769,68468,2007.87,31.5
2020-07-22,2020,7,Çrᗺmba,789344,813025,160633,274731,136397,92975,64148,1441.76,30.5
2020-07-23,2020,7,Perᗾmbe,790172,813877,163611,284871,158289,65413,56026,2215.57,26
2020-07-24,2020,7,Cuma,802346,826417,153412,256754,167801,44640,69307,1540.27,26.5
2020-07-25,2020,7,Cumartesi,691965,712724,145080,247758,146255,53263,42170,1524.1,25.7
2020-07-26,2020,7,Pazar,723403,745105,181988,258048,131538,87528,37028,1713.42,28.5
2020-07-27,2020,7,Pazartesi,836034,861115,206775,294815,144799,71721,77638,1807.94,26.7
2020-07-28,2020,7,Salı,788803,812467,215853,279320,170360,88929,55496,1995.36,29.4
2020-07-29,2020,7,Çrᗺmba,819766,844359,173762,262586,155041,66748,54577,1497.36,28
2020-07-30,2020,7,Perᗾmbe,800799,824823,238174,251116,146905,91910,49945,1536.73,24.2
2020-07-31,2020,7,Cuma,837673,862803,210490,291236,133981,95669,62271,1870.65,24.3
2020-08-01,2020,8,Cumartesi,722391,744063,182955,240581,140659,52187,53384,2012.07,27.3
2020-08-02,2020,8,Pazar,758548,781304,164957,275757,128276,69298,34212,1627.54,26.9
2020-08-03,2020,8,Pazartesi,811762,836115,235173,318382,145786,83659,67073,1736.4,29.7
2020-08-04,2020,8,Salı,838906,864073,187812,307677,128103,93728,66745,1592.15,25.8
2020-08-05,2020,8,Çrᗺmba,813991,838411,206443,294843,130239,90780,60744,1813.68,24.2
2020-08-06,2020,8,Perᗾmbe,842129,867393,201614,300630,142849,114436,51365,1606.41,28.2
2020-08-07,2020,8,Cuma,824237,848964,225260,279526,114884,84102,66175,1496.6,24.7
2020-08-08,2020,8,Cumartesi,770683,793803,162998,262492,134582,65655,35104,1919.68,25.7
2020-08-09,2020,8,Pazar,752125,774689,178740,265749,141202,69123,55861,1548.5,25
2020-08-10,2020,8,Pazartesi,864250,890178,208612,298536,172126,86892,45585,2127.33,27.1
2020-08-11,2020,8,Salı,843356,868656,168591,290254,147795,98523,65733,1897.24,29.7
2020-08-12,2020,8,Çrᗺmba,851790,877343,198169,269078,121272,89518,51763,1692.39,23.9
2020-08-13,2020,8,Perᗾmbe,876896,903202,231333,310400,155087,93818,51597,1784.76,23.5
2020-08-14,2020,8,Cuma,847428,872851,212535,296042,160054,77620,57612,1516.73,24.1
2020-08-15,2020,8,Cumartesi,741925,764183,187556,261102,124036,74264,55433,2020.24,28.1
2020-08-16,2020,8,Pazar,746024,768405,171751,232988,130750,78374,47054,1506.45,24.3
2020-08-17,2020,8,Pazartesi,878170,904515,209091,283524,161851,88392,55458,1914.95,25.4
2020-08-18,2020,8,Salı,849043,874514,233682,289561,151084,91878,36598,1490.02,23.4
2020-08-19,2020,8,Çrᗺmba,867635,893664,224413,302973,175307,59795,51388,1678.34,23
2020-08-20,2020,8,Perᗾmbe,893150,919945,223913,315967,124816,99742,62350,2109.68,25.6
2020-08-21,2020,8,Cuma,869890,895987,209931,311270,109887,89555,50973,2021.9,23.8
2020-08-22,2020,8,Cumartesi,764290,787219,202169,271914,148118,79417,68320,2052.38,25.6
2020-08-23,2020,8,Pazar,773278,796477,189042,280547,147292,62232,53405,1832.67,22.2
2020-08-24,2020,8,Pazartesi,889673,916363,212781,322058,149515,96895,54943,1462.52,27
2020-08-25,2020,8,Salı,903679,930789,253143,307938,154537,39675,58358,1803.71,19.2
2020-08-26,2020,8,Çrᗺmba,886960,913569,187628,303730,122729,75167,50241,1835.36,24.1
2020-08-27,2020,8,Perᗾmbe,879705,906096,230139,292887,137297,73474,56227,1769.36,22.2
2020-08-28,2020,8,Cuma,876409,902702,167072,293309,145601,81652,45582,1707.07,25.9
2020-08-29,2020,8,Cumartesi,774271,797499,196043,280266,110716,78339,47584,1689.2,25.7
2020-08-30,2020,8,Pazar,772243,795410,166669,240053,116934,92146,42943,1419.13,24.6
2020-08-31,2020,8,Pazartesi,913088,940480,218405,347522,151612,62192,51508,2124.79,19.4
2020-09-01,2020,9,Salı,912745,940127,279610,316056,168791,90792,57980,1357.64,22.4
2020-09-02,2020,9,Çrᗺmba,901234,928271,232232,317181,160903,109021,51791,1513.91,22.6
2020-09-03,2020,9,Perᗾmbe,931411,959353,191199,332908,154850,109554,55458,1549.58,23
2020-09-04,2020,9,Cuma,909290,936569,216642,295839,139299,61570,52278,2171.16,19.3
2020-09-05,2020,9,Cumartesi,785700,809271,200277,245320,123699,68584,31720,2038.35,18.2
2020-09-06,2020,9,Pazar,806831,831036,198954,297075,140202,84345,31403,1526.62,25
2020-09-07,2020,9,Pazartesi,934178,962204,237374,320251,160900,93134,61875,2256.48,23.5
2020-09-08,2020,9,Salı,913749,941162,190379,346415,121851,72849,55726,1996.49,18.1
2020-09-09,2020,9,Çrᗺmba,947648,976077,205404,358913,177408,118851,40993,1833.98,21.1
2020-09-10,2020,9,Perᗾmbe,905256,932414,241903,326690,142781,73558,52975,1730.74,16.2
2020-09-11,2020,9,Cuma,944921,973268,203684,334191,127329,97866,43556,1977.27,21
2020-09-12,2020,9,Cumartesi,812195,836561,192033,278220,138757,94660,53425,2003.05,21.6
2020-09-13,2020,9,Pazar,853001,878591,209334,311409,112872,69327,58324,2029.1,17.7
2020-09-14,2020,9,Pazartesi,936536,964632,190777,363726,165507,91209,40409,1928.54,18.1
2020-09-15,2020,9,Salı,937930,966068,196551,289042,206674,65616,58011,1617.08,22.9
2020-09-16,2020,9,Çrᗺmba,949144,977618,221001,308800,140749,94848,42532,1462.35,19.1
2020-09-17,2020,9,Perᗾmbe,924438,952171,202187,303413,120194,81919,45183,1558.35,25.1
2020-09-18,2020,9,Cuma,948909,977376,212289,346125,189140,82639,55748,1687.05,20.5
2020-09-19,2020,9,Cumartesi,803798,827911,210901,263324,116573,74833,45621,1669.47,21.4
2020-09-20,2020,9,Pazar,799545,823532,205291,276929,103540,98919,49607,1960.51,15.2
2020-09-21,2020,9,Pazartesi,958532,987288,244577,324604,115002,117465,57276,1518.07,16.7
2020-09-22,2020,9,Salı,944595,972933,203677,337343,137348,115308,49476,1614.7,19.2
2020-09-23,2020,9,Çrᗺmba,928243,956090,194490,323159,128388,126009,40544,1779.26,16.6
2020-09-24,2020,9,Perᗾmbe,924851,952596,223455,292304,147702,91357,53768,1687.02,15.1
2020-09-25,2020,9,Cuma,940034,968235,232177,332069,149595,69294,30300,2215.77,23.3
2020-09-26,2020,9,Cumartesi,836281,861370,222039,316651,137870,69714,33663,2105.28,15
2020-09-27,2020,9,Pazar,847458,872882,177722,286654,153994,72504,46175,1731.97,14.6
2020-09-28,2020,9,Pazartesi,957548,986274,235832,341438,148662,121779,33705,1841.81,17.4
2020-09-29,2020,9,Salı,963820,992734,246899,366048,145003,70355,50814,2143.35,17.8
2020-09-30,2020,9,Çrᗺmba,961485,990330,185549,342454,134178,92765,63498,1668.63,14.7
2020-10-01,2020,10,Perᗾmbe,924479,952213,217621,358254,139607,97383,40794,1819.39,14.6
2020-10-02,2020,10,Cuma,943891,972208,224890,367473,107284,93612,41331,1675.32,12.8
2020-10-03,2020,10,Cumartesi,860794,886618,164341,277204,145887,124125,44136,1679.8,17.6
2020-10-04,2020,10,Pazar,849133,874607,197056,315637,131052,52057,36300,1391.55,15.8
2020-10-05,2020,10,Pazartesi,952390,980961,197317,349655,124209,132855,22525,1637.15,15.6
2020-10-06,2020,10,Salı,999676,1029666,235958,371821,157957,105266,44348,1490.42,13.8
2020-10-07,2020,10,Çrᗺmba,955188,983843,215978,317917,155970,121706,56871,2144.59,12
2020-10-08,2020,10,Perᗾmbe,955424,984086,232288,320714,155368,94498,52504,1329.62,13
2020-10-09,2020,10,Cuma,989438,1019121,206470,355427,180847,95707,58765,2039.96,16.3
2020-10-10,2020,10,Cumartesi,883153,909648,181790,346025,133298,89478,44772,1399.65,11.9
2020-10-11,2020,10,Pazar,882904,909391,215217,332155,146486,89532,48200,1904.23,11.1
2020-10-12,2020,10,Pazartesi,976012,1005293,237440,338305,129852,93798,49179,1834.32,16.5
2020-10-13,2020,10,Salı,983042,1012534,218711,336937,182470,117891,52303,2275.42,14.6
2020-10-14,2020,10,Çrᗺmba,988555,1018212,190222,339613,162427,84525,42949,1545.55,11.2
2020-10-15,2020,10,Perᗾmbe,972285,1001454,237238,352539,145022,87553,40779,1830.64,12.3
2020-10-16,2020,10,Cuma,966418,995411,223135,346969,125502,83981,41463,1900.24,13.6
2020-10-17,2020,10,Cumartesi,895009,921859,211257,290566,125174,118302,38944,1911.53,10.2
2020-10-18,2020,10,Pazar,878954,905322,191344,298654,128965,96584,42357,2044.45,11.2
2020-10-19,2020,10,Pazartesi,953138,981732,249086,350221,155119,108608,47740,1951.34,18
2020-10-20,2020,10,Salı,992777,1022560,236120,315629,186616,78086,56849,1808.35,15.7
2020-10-21,2020,10,Çrᗺmba,994291,1024120,215600,330998,133997,69083,34227,1382.09,14.8
2020-10-22,2020,10,Perᗾmbe,999623,1029612,224947,328701,169990,102326,41791,1892.12,13.3
2020-10-23,2020,10,Cuma,988394,1018046,239853,353051,137177,138970,51131,2127.47,15.8
2020-10-24,2020,10,Cumartesi,902248,929316,242155,272844,130617,105464,32701,2008.81,11
2020-10-25,2020,10,Pazar,888659,915319,213868,302076,129619,105733,35505,1824.72,11.9
2020-10-26,2020,10,Pazartesi,995403,1025265,208171,357901,171096,120333,62555,1877.83,11.5
2020-10-27,2020,10,Salı,992261,1022029,247691,343743,164157,85805,37426,1879.08,9.3
2020-10-28,2020,10,Çrᗺmba,967536,996563,189261,324563,155254,58240,36520,1562.95,13
2020-10-29,2020,10,Perᗾmbe,1004117,1034240,240201,313255,107612,87417,40733,1604.4,9.5
2020-10-30,2020,10,Cuma,1001152,1031187,242029,367044,171878,76047,45951,2063.79,15.2
2020-10-31,2020,10,Cumartesi,891820,918575,221057,315503,135964,76795,46361,1996.02,6.4
2020-11-01,2020,11,Pazar,883055,909546,224774,328539,151382,105190,37761,1652.31,14.4
2020-11-02,2020,11,Pazartesi,999288,1029266,251744,354983,179179,114736,44790,1609.92,9.8
2020-11-03,2020,11,Salı,974563,1003800,206662,386989,176697,61886,29781,1550.14,10.2
2020-11-04,2020,11,Çrᗺmba,1003089,1033181,256097,362006,166497,114990,35999,2236.83,6.1
2020-11-05,2020,11,Perᗾmbe,993989,1023809,221692,346983,122070,82487,34310,1587.17,6.5
2020-11-06,2020,11,Cuma,1009543,1039829,275115,339038,156890,92468,30846,2292.53,11.8
2020-11-07,2020,11,Cumartesi,906091,933274,198997,310028,204048,96902,40669,1742.36,7.5
2020-11-08,2020,11,Pazar,892490,919264,204179,345935,136008,75342,29369,1605.99,6.3
2020-11-09,2020,11,Pazartesi,996413,1026306,206944,353322,140521,136271,29488,1880.86,8.6
2020-11-10,2020,11,Salı,1020002,1050602,215852,374029,183604,74515,39446,1823.58,7.8
2020-11-11,2020,11,Çrᗺmba,1016522,1047018,234894,376387,167124,111080,36374,1965.93,4.5
2020-11-12,2020,11,Perᗾmbe,989798,1019492,238937,360089,185918,127904,26832,1917.52,8
2020-11-13,2020,11,Cuma,1030952,1061881,253690,376208,172024,120460,43467,2123.6,8
2020-11-14,2020,11,Cumartesi,909123,936397,218564,341692,132483,117870,10270,2034.75,4.9
2020-11-15,2020,11,Pazar,906801,934005,189988,300092,146528,105151,26282,1620.08,4.9
2020-11-16,2020,11,Pazartesi,994928,1024776,253341,316962,149876,117641,38011,2020.25,5.2
2020-11-17,2020,11,Salı,985061,1014613,228707,383542,168325,132236,40046,1804.21,8.3
2020-11-18,2020,11,Çrᗺmba,1023542,1054248,237997,371657,156861,82550,29545,1574.1,8.1
2020-11-19,2020,11,Perᗾmbe,1011517,1041863,255300,375229,179717,84776,47486,2046.52,7.9
2020-11-20,2020,11,Cuma,986252,1015840,226846,333955,165668,125968,30654,1738.13,5.7
2020-11-21,2020,11,Cumartesi,916660,944160,245013,343788,137653,78760,25209,1541.11,7.4
2020-11-22,2020,11,Pazar,904195,931321,249713,325108,176014,127661,31250,1803.95,5.6
2020-11-23,2020,11,Pazartesi,974157,1003382,239786,340750,182712,91910,38262,1473.64,7.2
2020-11-24,2020,11,Salı,1015079,1045531,294624,346493,197040,90963,38066,1871.28,6
2020-11-25,2020,11,Çrᗺmba,962826,991711,238144,342701,168079,81304,38359,1674.93,7.6
2020-11-26,2020,11,Perᗾmbe,1054588,1086225,263510,374256,199339,104875,25641,1621.95,2.8
2020-11-27,2020,11,Cuma,1019628,1050216,254000,374152,190972,95684,34958,1627.72,11.5
2020-11-28,2020,11,Cumartesi,917015,944525,243845,331221,187485,136503,17120,1660.18,6.2
2020-11-29,2020,11,Pazar,921313,948952,213977,312609,197691,101284,27034,2036.88,6.1
2020-11-30,2020,11,Pazartesi,1010106,1040409,256978,355684,168722,87700,14770,1808.61,8.1
2020-12-01,2020,12,Salı,1005526,1035692,212761,370080,196088,84167,52402,2007.09,1.8
2020-12-02,2020,12,Çrᗺmba,1002476,1032551,196491,381387,207352,82905,35529,1845.16,5.8
2020-12-03,2020,12,Perᗾmbe,978198,1007543,254102,338228,168168,69118,39508,1764.08,5.7
2020-12-04,2020,12,Cuma,996258,1026146,236837,343435,189585,143531,19518,1839.05,3.3
2020-12-05,2020,12,Cumartesi,904530,931665,246365,314581,182129,107793,24811,1794.15,2.2
2020-12-06,2020,12,Pazar,891304,918043,245936,305375,178174,39069,17693,1871.25,4.7
2020-12-07,2020,12,Pazartesi,989836,1019531,230061,330485,177061,97258,39129,2067.16,6.2
2020-12-08,2020,12,Salı,1013776,1044190,265256,340868,207507,110801,34058,1324.01,1
2020-12-09,2020,12,Çrᗺmba,996364,1026254,239637,370320,206235,95467,47839,1700.83,4.6
2020-12-10,2020,12,Perᗾmbe,1008946,1039214,222002,363727,186760,128252,9139,2139.85,4.2
2020-12-11,2020,12,Cuma,1002401,1032473,212875,351942,220970,122951,6915,1998.01,4
2020-12-12,2020,12,Cumartesi,880321,906731,259385,302274,179201,89028,26734,1885.65,3.8
2020-12-13,2020,12,Pazar,868613,894671,224910,299744,163678,118800,32018,1483.88,4.6
2020-12-14,2020,12,Pazartesi,986702,1016303,209346,337449,164598,80898,49310,1731.37,0.5
2020-12-15,2020,12,Salı,990609,1020327,204017,347462,129763,99621,24942,1792.67,4.1
2020-12-16,2020,12,Çrᗺmba,988757,1018420,245604,358113,208935,113028,43021,1293.51,0.2
2020-12-17,2020,12,Perᗾmbe,985806,1015380,219146,309505,195068,97790,29944,1925.42,2.3
2020-12-18,2020,12,Cuma,981686,1011137,255333,345374,210313,90889,24628,1999.96,3.2
2020-12-19,2020,12,Cumartesi,910135,937440,179464,331484,178309,83408,14435,1552.03,4.3
2020-12-20,2020,12,Pazar,895701,922572,218377,275073,195282,105162,25421,1754.99,9
2020-12-21,2020,12,Pazartesi,962607,991485,248579,335142,192953,87357,29318,1702.42,4.1
2020-12-22,2020,12,Salı,1012746,1043129,189977,333611,231839,141163,34162,1737.5,0.4
2020-12-23,2020,12,Çrᗺmba,962566,991443,208021,345446,214728,92804,35750,1541.9,1.2
2020-12-24,2020,12,Perᗾmbe,990443,1020156,235776,348382,184909,118195,20199,1697.73,5.5
2020-12-25,2020,12,Cuma,980767,1010190,208034,361769,240683,112716,36679,1763.37,2
2020-12-26,2020,12,Cumartesi,888868,915534,190904,334719,189126,115902,27114,1775.04,7.4
2020-12-27,2020,12,Pazar,890064,916766,184230,280807,160470,108932,32595,1492.34,3.8
2020-12-28,2020,12,Pazartesi,973984,1003204,228409,347560,232761,84220,8575,1671.32,3.9
2020-12-29,2020,12,Salı,927483,955307,199457,331745,188572,80347,23448,1940.52,2.6
2020-12-30,2020,12,Çrᗺmba,1001128,1031162,162559,329234,198613,112324,31293,1616.62,0.1
2020-12-31,2020,12,Perᗾmbe,942639,970918,259350,304834,200896,109813,29936,1672.89,0.8
2021-01-01,2021,1,Cuma,988669,1018329,275996,337636,223562,117759,38075,2407.22,2.3
2021-01-02,2021,1,Cumartesi,865147,891101,221386,290300,173594,118152,23165,1978.69,1.2
2021-01-03,2021,1,Pazar,831591,856539,209664,301560,172646,114022,1249,1654.48,0.5
2021-01-04,2021,1,Pazartesi,962816,991701,243425,316256,221994,101406,37278,2043.82,5.3
2021-01-05,2021,1,Salı,993923,1023740,210798,367975,232962,56836,32711,1775.03,-1.2
2021-01-06,2021,1,Çrᗺmba,960083,988886,253645,316504,230310,91655,24373,2222.26,1.7
2021-01-07,2021,1,Perᗾmbe,962233,991100,219238,345247,176096,75050,36071,1862.99,-1.1
2021-01-08,2021,1,Cuma,971503,1000648,249930,330388,202844,72781,24140,1753.38,6.1
2021-01-09,2021,1,Cumartesi,836924,862032,209430,289662,179572,124840,34090,1916.33,-0.7
2021-01-10,2021,1,Pazar,857408,883130,216505,279069,201629,106483,31858,1883.93,8
2021-01-11,2021,1,Pazartesi,948363,976814,191955,351145,232372,135309,33455,1755.97,0.1
2021-01-12,2021,1,Salı,977497,1006822,172362,348646,235550,92688,17790,1920.74,0.4
2021-01-13,2021,1,Çrᗺmba,964871,993817,217067,328178,180109,120908,45736,2098.35,3.1
2021-01-14,2021,1,Perᗾmbe,955396,984058,211329,318452,196219,110804,33289,1665.29,4.8
2021-01-15,2021,1,Cuma,964481,993415,259885,368998,257913,118191,34993,1923.13,3.1
2021-01-16,2021,1,Cumartesi,854013,879633,230404,307311,177327,115007,32150,1700.71,0.5
2021-01-17,2021,1,Pazar,839046,864217,163531,271371,204467,93245,21159,1839.74,3.3
2021-01-18,2021,1,Pazartesi,928621,956480,216931,351950,186986,99512,26514,1647.15,1.8
2021-01-19,2021,1,Salı,934053,962075,253017,332619,216181,133418,28142,1647.01,0.5
2021-01-20,2021,1,Çrᗺmba,916079,943561,226944,314435,223537,101633,54057,1672.75,5.7
2021-01-21,2021,1,Perᗾmbe,938396,966548,228452,347904,219055,70318,28685,1724.72,6.4
2021-01-22,2021,1,Cuma,921920,949578,205960,292429,235939,86500,31410,1147.96,2.9
2021-01-23,2021,1,Cumartesi,831940,856898,220772,297087,219009,101971,26949,1983.21,2.6
2021-01-24,2021,1,Pazar,830156,855061,180790,319788,160498,72080,36504,1417.9,2.9
2021-01-25,2021,1,Pazartesi,930268,958176,141068,316240,228964,122310,30518,2164.62,2.1
2021-01-26,2021,1,Salı,943150,971445,204740,331959,208175,119745,57095,2012.41,4.4
2021-01-27,2021,1,Çrᗺmba,914213,941640,224612,315342,257321,124694,30336,1569.01,3.9
2021-01-28,2021,1,Perᗾmbe,924709,952450,263920,307908,262935,102816,26755,1842.59,4.8
2021-01-29,2021,1,Cuma,929933,957831,199181,366419,247654,79277,38425,1943.65,2.9
2021-01-30,2021,1,Cumartesi,786187,809772,179185,288465,221977,71229,25940,1799.84,5.3
2021-01-31,2021,1,Pazar,824213,848940,182802,271079,177089,71572,49448,1460.43,2.3
2021-02-01,2021,2,Pazartesi,887753,914386,228448,315623,207934,117827,30412,2086.25,6.1
2021-02-02,2021,2,Salı,893192,919988,242878,303551,240590,95362,28726,1808.33,6.1
2021-02-03,2021,2,Çrᗺmba,934378,962409,230201,295048,204523,83669,54089,1396.12,8.8
2021-02-04,2021,2,Perᗾmbe,931202,959138,230928,309262,221599,65779,35297,1494.27,1.4
2021-02-05,2021,2,Cuma,933689,961699,184748,316586,232172,103892,31396,2109.81,5.3
2021-02-06,2021,2,Cumartesi,792935,816724,176754,286163,205895,56691,26477,2004.24,3.4
2021-02-07,2021,2,Pazar,778486,801841,174236,276800,188364,65116,45353,1630.6,4.3
2021-02-08,2021,2,Pazartesi,879666,906056,186233,314009,238080,61453,42149,1575.02,4.9
2021-02-09,2021,2,Salı,897981,924920,214357,328369,240832,88677,45900,2266.64,-0.1
2021-02-10,2021,2,Çrᗺmba,899061,926033,212125,315663,233868,92993,33045,1728.79,2.2
2021-02-11,2021,2,Perᗾmbe,902543,929619,191644,317360,240551,113871,40192,2136.94,-0.6
2021-02-12,2021,2,Cuma,868245,894292,217840,289909,211438,114709,21458,1844.31,4.7
2021-02-13,2021,2,Cumartesi,783361,806862,163577,261249,185476,57530,35901,1381.9,4.5
2021-02-14,2021,2,Pazar,767862,790898,159286,254442,217425,95547,35296,2097.84,0.3
2021-02-15,2021,2,Pazartesi,907554,934781,227380,288728,229322,80840,54853,1880.46,3.8
2021-02-16,2021,2,Salı,883078,909571,209667,319362,220634,115236,43912,1609.02,4.4
2021-02-17,2021,2,Çrᗺmba,874985,901234,208850,303077,255031,97372,27377,1978.58,5.8
2021-02-18,2021,2,Perᗾmbe,888888,915555,234146,293032,204058,78145,29890,1770.67,6.1
2021-02-19,2021,2,Cuma,866170,892155,174484,339220,191429,74133,40239,1956.2,5.1
2021-02-20,2021,2,Cumartesi,749074,771547,184769,271091,175735,99332,30042,1448.33,4.2
2021-02-21,2021,2,Pazar,740817,763041,140589,244769,183154,70372,36914,2306.45,5.4
2021-02-22,2021,2,Pazartesi,850120,875623,133448,264808,223342,68791,39762,1539.17,1.9
2021-02-23,2021,2,Salı,855706,881377,233556,319986,233914,115523,30051,1689.73,8
2021-02-24,2021,2,Çrᗺmba,861025,886855,157526,315454,283484,102943,36812,1494.15,5.9
2021-02-25,2021,2,Perᗾmbe,838253,863401,201924,278338,228524,96873,33638,1890.74,7.8
2021-02-26,2021,2,Cuma,887518,914144,205324,339295,255043,88412,47463,2024.51,8.5
2021-02-27,2021,2,Cumartesi,763496,786400,194437,264793,194545,73834,39638,1650.13,2.6
2021-02-28,2021,2,Pazar,744313,766643,174703,259017,191525,65130,29917,2108.44,5.4
2021-03-01,2021,3,Pazartesi,841298,866537,167470,267362,195651,79468,41681,1710.95,8.8
2021-03-02,2021,3,Salı,884681,911222,212353,294623,240806,74256,39514,1938.27,10.8
2021-03-03,2021,3,Çrᗺmba,841240,866478,201732,298006,238444,109512,46479,2040.13,6.3
2021-03-04,2021,3,Perᗾmbe,827818,852653,204922,276953,221758,96887,35796,1621.57,9.9
2021-03-05,2021,3,Cuma,839460,864644,153592,275684,244789,81516,37965,1945.94,10.6
2021-03-06,2021,3,Cumartesi,732152,754117,188237,262310,181438,78737,28461,1542.71,6.6
2021-03-07,2021,3,Pazar,725026,746777,190307,267842,193172,82683,30981,1402.39,9.2
2021-03-08,2021,3,Pazartesi,857364,883085,189441,297658,187642,105934,37688,1730.3,8.3
2021-03-09,2021,3,Salı,861275,887114,172367,300080,205322,99188,41090,1433.24,5.8
2021-03-10,2021,3,Çrᗺmba,820775,845399,224798,271112,201432,79857,44519,1602.32,11.4
2021-03-11,2021,3,Perᗾmbe,813493,837898,201622,273296,181010,73132,31749,1647.76,11.9
2021-03-12,2021,3,Cuma,819610,844198,212216,281503,238933,78645,31313,2015.81,7.2
2021-03-13,2021,3,Cumartesi,720527,742143,167690,227251,231246,78476,27909,2102.43,12.7
2021-03-14,2021,3,Pazar,735598,757666,161561,281128,182317,79850,32564,1967.13,10.8
2021-03-15,2021,3,Pazartesi,834855,859901,198004,310734,233067,42842,37957,1758.1,12.1
2021-03-16,2021,3,Salı,829769,854662,167954,295372,202399,77169,36466,2073.79,12.7
2021-03-17,2021,3,Çrᗺmba,826509,851305,187808,293368,253150,67399,40405,1822.44,8.3
2021-03-18,2021,3,Perᗾmbe,816359,840850,210292,264580,230825,77535,37485,1408.8,13.6
2021-03-19,2021,3,Cuma,825709,850480,184479,280993,243590,71487,24520,2118.74,12.5
2021-03-20,2021,3,Cumartesi,711869,733225,192816,271992,198549,47227,27518,1685.01,12.8
2021-03-21,2021,3,Pazar,717872,739408,174893,245206,217056,72190,40114,1595.56,14
2021-03-22,2021,3,Pazartesi,819731,844323,208317,279569,243121,81008,51419,1824.79,8.7
2021-03-23,2021,3,Salı,776059,799341,185721,263368,208737,77654,46989,1594.38,7.9
2021-03-24,2021,3,Çrᗺmba,816176,840661,192237,308957,248485,82348,34095,1614.72,11.2
2021-03-25,2021,3,Perᗾmbe,773745,796957,174038,256139,188865,103929,30146,2007.06,9.4
2021-03-26,2021,3,Cuma,796666,820566,192205,304231,227991,66054,39968,1645.76,13.3
2021-03-27,2021,3,Cumartesi,703375,724476,169409,237102,186877,67921,37771,1701.19,11.8
2021-03-28,2021,3,Pazar,689897,710594,171671,230773,180406,81139,36647,1993.95,12.4
2021-03-29,2021,3,Pazartesi,810560,834877,186477,287036,252031,108788,36523,1925.78,12.4
2021-03-30,2021,3,Salı,780170,803575,167520,262135,213338,85316,37218,1436.5,12.2
2021-03-31,2021,3,Çrᗺmba,770632,793750,168356,267110,211307,70999,50206,1808.41,12.1
2021-04-01,2021,4,Perᗾmbe,784058,807580,188872,282307,212757,99765,38628,1711.42,10.4
2021-04-02,2021,4,Cuma,775590,798858,151310,279617,212229,68910,50981,1926.26,15.7
2021-04-03,2021,4,Cumartesi,647693,667124,149206,218089,168137,42242,33004,1449.35,10.9
2021-04-04,2021,4,Pazar,691261,711999,153524,243462,192734,80900,29831,1689.37,14.2
2021-04-05,2021,4,Pazartesi,770813,793937,170271,256800,226962,77190,45268,1598.86,15.3
2021-04-06,2021,4,Salı,783698,807209,221057,260411,215396,98380,33607,1769.89,16
2021-04-07,2021,4,Çrᗺmba,774542,797778,168069,281518,254017,92975,41454,1656.66,18.4
2021-04-08,2021,4,Perᗾmbe,759413,782195,203221,251447,183582,68403,39497,1870.96,14
2021-04-09,2021,4,Cuma,792318,816087,183467,253392,231956,61650,52317,1883.4,11.8
2021-04-10,2021,4,Cumartesi,674927,695174,162524,237145,188874,66584,58318,1605.71,16.1
2021-04-11,2021,4,Pazar,665364,685325,161711,254725,174515,59211,45837,1684.77,14.1
2021-04-12,2021,4,Pazartesi,755075,777727,180285,244420,215425,75216,45847,1676.42,17.3
2021-04-13,2021,4,Salı,779919,803317,185804,302408,219052,71202,50068,1763.46,12.3
2021-04-14,2021,4,Çrᗺmba,743942,766261,171185,243567,194367,99495,46010,1580.38,14.6
2021-04-15,2021,4,Perᗾmbe,739981,762181,179535,264721,197827,56100,39784,2160.41,19.4
2021-04-16,2021,4,Cuma,761962,784821,162235,258269,218440,89381,49357,1637.52,18.5
2021-04-17,2021,4,Cumartesi,651396,670938,164551,204539,186874,69838,32272,1910.99,12.4
2021-04-18,2021,4,Pazar,648051,667493,138183,233023,187795,52571,34929,1777.31,16.7
2021-04-19,2021,4,Pazartesi,736368,758459,173242,258042,182291,98588,63585,1578.59,15.9
2021-04-20,2021,4,Salı,777020,800331,173103,259817,222513,98498,45107,1640.68,17.2
2021-04-21,2021,4,Çrᗺmba,746947,769356,166901,260099,190043,78109,44190,2187.41,21.5
2021-04-22,2021,4,Perᗾmbe,773270,796468,181779,283109,207177,58089,51545,2112.31,16.8
2021-04-23,2021,4,Cuma,757299,780018,173387,247990,218138,79569,49401,1489.89,17.8
2021-04-24,2021,4,Cumartesi,680676,701096,149852,246277,175724,64744,47900,1692.74,16.6
2021-04-25,2021,4,Pazar,658999,678769,166974,239786,180060,58052,43398,1730.25,19.4
2021-04-26,2021,4,Pazartesi,769814,792908,165325,269838,201158,103195,55007,1730.88,18.1
2021-04-27,2021,4,Salı,775858,799134,192388,238835,196261,64041,54062,1747.48,16.3
2021-04-28,2021,4,Çrᗺmba,759671,782462,163853,272686,194658,56041,54815,1623.21,19.4
2021-04-29,2021,4,Perᗾmbe,729353,751234,205042,259864,186861,79289,43234,2206.37,22.1
2021-04-30,2021,4,Cuma,723751,745463,168500,261159,208955,86351,53664,1577.44,15.5
2021-05-01,2021,5,Cumartesi,677875,698211,153487,268084,195342,65438,40969,1867.62,16.7
2021-05-02,2021,5,Pazar,660935,680763,169798,241519,169424,56313,30615,1809.99,13.5
2021-05-03,2021,5,Pazartesi,778734,802096,196969,272167,206089,77457,44675,1599.21,20.8
2021-05-04,2021,5,Salı,765705,788677,185701,253409,216092,90157,42042,1662.97,18.4
2021-05-05,2021,5,Çrᗺmba,760049,782850,157485,267029,199279,79461,43859,1952.97,21.7
2021-05-06,2021,5,Perᗾmbe,757129,779843,165762,248668,221197,77664,39642,2075.58,20.9
2021-05-07,2021,5,Cuma,771125,794259,180095,270931,221015,88651,64228,1367.21,18.4
2021-05-08,2021,5,Cumartesi,662795,682679,156909,204848,156345,76874,52367,1569.32,19.5
2021-05-09,2021,5,Pazar,667023,687034,164551,253597,157171,73079,50354,1566.2,20.8
2021-05-10,2021,5,Pazartesi,767671,790701,176850,254117,228273,125226,40534,1657.55,21.1
2021-05-11,2021,5,Salı,775328,798588,178090,257913,198538,84845,54223,1947.35,21.7
2021-05-12,2021,5,Çrᗺmba,738507,760662,176281,267467,191192,75786,52617,1964.16,23.9
2021-05-13,2021,5,Perᗾmbe,737768,759901,200390,259461,187328,62460,47248,2024.04,21.1
2021-05-14,2021,5,Cuma,756820,779525,154066,257733,188612,88308,42786,1800.85,22.4
2021-05-15,2021,5,Cumartesi,647645,667074,151101,204824,169061,89273,40887,1902.54,25.1
2021-05-16,2021,5,Pazar,608153,626398,135595,231281,160578,52184,42592,1940.97,19.2
2021-05-17,2021,5,Pazartesi,770192,793298,192493,259591,185371,64530,52036,2030.59,23.1
2021-05-18,2021,5,Salı,748988,771458,172285,287584,173803,57833,40979,1445.29,17.3
2021-05-19,2021,5,Çrᗺmba,716579,738076,195326,255060,177379,61764,52876,1614.45,18.1
2021-05-20,2021,5,Perᗾmbe,768324,791374,195717,243199,202684,83607,52025,1524.54,23.4
2021-05-21,2021,5,Cuma,771027,794157,169386,277997,192121,107518,45461,1507.93,20.8
2021-05-22,2021,5,Cumartesi,633114,652107,133283,245017,133760,65743,36218,1982.15,24.9
2021-05-23,2021,5,Pazar,634619,653657,169195,227749,169223,74807,56991,1818.02,20.5
2021-05-24,2021,5,Pazartesi,708122,729366,167931,252230,174111,43699,48985,1232.38,23.2
2021-05-25,2021,5,Salı,756542,779238,195572,247533,149403,84455,58619,1844.22,19.1
2021-05-26,2021,5,Çrᗺmba,767753,790785,167622,264987,185660,89176,45767,2074.21,21.1
2021-05-27,2021,5,Perᗾmbe,758624,781383,188442,223360,195238,100313,54426,1911.98,20.9
2021-05-28,2021,5,Cuma,732753,754735,193269,244115,173009,73771,60285,2034.88,22.1
2021-05-29,2021,5,Cumartesi,634745,653787,156537,223838,156021,70604,54162,1430.52,28.4
2021-05-30,2021,5,Pazar,651522,671068,112907,233216,170207,90922,55147,1699.25,24.4
2021-05-31,2021,5,Pazartesi,747946,770385,157521,247406,188644,65889,62074,1892.29,20.9
2021-06-01,2021,6,Salı,780334,803744,186112,241826,212368,63185,40926,1705.98,21.7
2021-06-02,2021,6,Çrᗺmba,801958,826017,177112,250037,191599,56992,54148,1952.14,25.8
2021-06-03,2021,6,Perᗾmbe,769935,793033,184134,295457,194148,65023,53640,1895.16,24.7
2021-06-04,2021,6,Cuma,776861,800167,182999,287775,205624,94718,62340,1798.59,25.5
2021-06-05,2021,6,Cumartesi,636349,655439,161385,232956,161699,63418,47168,1826.24,26.8
2021-06-06,2021,6,Pazar,654181,673806,170911,218965,148047,71303,43138,1934.92,21.6
2021-06-07,2021,6,Pazartesi,762611,785489,194350,299034,192067,76601,49854,2116.68,24.2
2021-06-08,2021,6,Salı,737954,760093,152572,272820,202321,62058,52328,1739.34,28.3
2021-06-09,2021,6,Çrᗺmba,761859,784715,174390,261924,190712,112837,70483,2069.85,25
2021-06-10,2021,6,Perᗾmbe,731019,752950,166880,268854,185735,71657,42945,1721.67,23.1
2021-06-11,2021,6,Cuma,764543,787479,141320,281366,172669,86433,64868,1834.38,29
2021-06-12,2021,6,Cumartesi,639315,658495,130529,230352,162863,63537,42350,2104.94,30.1
2021-06-13,2021,6,Pazar,677407,697729,134742,226115,149068,112369,48601,2187.14,25.7
2021-06-14,2021,6,Pazartesi,728994,750863,197616,277919,171627,68500,42149,1703.85,20.7
2021-06-15,2021,6,Salı,743783,766096,182252,269525,186210,84098,54334,1696.11,28.5
2021-06-16,2021,6,Çrᗺmba,769566,792653,210008,274174,217800,117260,37032,1807.04,23.5
2021-06-17,2021,6,Perᗾmbe,747456,769880,185334,263998,178899,84438,61560,1806.26,26.5
2021-06-18,2021,6,Cuma,770629,793748,232531,262433,197311,94115,51977,1730.64,22.5
2021-06-19,2021,6,Cumartesi,676913,697221,205916,255070,161437,74902,53255,1870.08,26.5
2021-06-20,2021,6,Pazar,671607,691755,189091,250514,146829,88711,53494,1712.16,23.7
2021-06-21,2021,6,Pazartesi,754516,777151,192515,274172,165637,77526,59481,1929.64,27.9
2021-06-22,2021,6,Salı,775126,798380,168504,286326,187564,90587,57396,1641.38,26.4
2021-06-23,2021,6,Çrᗺmba,783992,807512,232445,268604,154118,83735,33531,2384.38,25.8
2021-06-24,2021,6,Perᗾmbe,799024,822994,220574,284598,190596,86463,51497,1448.9,26.4
2021-06-25,2021,6,Cuma,799057,823028,211011,277816,165318,96326,58546,2202.28,26
2021-06-26,2021,6,Cumartesi,678193,698539,131416,219128,147990,77771,38821,1354.87,27.5
2021-06-27,2021,6,Pazar,676090,696372,145720,252832,163897,69056,54781,1643.66,25.8
2021-06-28,2021,6,Pazartesi,784122,807646,191491,306635,167122,82821,58076,2130.11,29.4
2021-06-29,2021,6,Salı,791878,815634,188065,287765,141012,90130,57213,2517.21,27.2
2021-06-30,2021,6,Çrᗺmba,772490,795664,189332,264274,190523,73202,62471,1708.19,26.4
2021-07-01,2021,7,Perᗾmbe,801904,825961,141659,266297,188607,68844,57665,1970.65,24.6
2021-07-02,2021,7,Cuma,783457,806961,179726,270282,168315,85236,51237,1679.44,30.1
2021-07-03,2021,7,Cumartesi,685745,706317,165462,254749,164917,47915,65230,1277.81,27.8
2021-07-04,2021,7,Pazar,660290,680099,160072,227892,148412,76477,40609,1458.13,27.8
2021-07-05,2021,7,Pazartesi,787232,810849,183953,272424,196745,86566,68906,1681.07,25.2
2021-07-06,2021,7,Salı,778821,802186,188446,274754,174013,84232,60524,1343.7,25.4
2021-07-07,2021,7,Çrᗺmba,811698,836049,160705,318645,181444,93599,58154,1971.19,23.2
2021-07-08,2021,7,Perᗾmbe,767397,790419,144200,247788,178206,57192,59002,1894.17,28.6
2021-07-09,2021,7,Cuma,798484,822439,162936,267358,190853,86317,64894,1901.19,29.8
2021-07-10,2021,7,Cumartesi,675751,696024,149232,229590,137271,66236,53148,1952.44,23.5
2021-07-11,2021,7,Pazar,678104,698447,180175,246329,145124,77642,54807,1749,22.8
2021-07-12,2021,7,Pazartesi,784397,807929,176618,258886,148303,88065,61230,1792.75,28.8
2021-07-13,2021,7,Salı,771760,794913,179163,265095,156138,86574,65797,1880.76,30.5
2021-07-14,2021,7,Çrᗺmba,820659,845279,160969,302261,163536,85191,69104,1591.31,26.7
2021-07-15,2021,7,Perᗾmbe,821921,846579,233691,317685,177588,101667,41592,1751.12,28.6
2021-07-16,2021,7,Cuma,799038,823009,158713,250115,180945,53330,71624,1385.63,25.2
2021-07-17,2021,7,Cumartesi,722839,744525,133128,249200,135279,74723,38578,1933.86,26.7
2021-07-18,2021,7,Pazar,704219,725345,152637,212827,148432,81016,56235,1813.46,24.8
2021-07-19,2021,7,Pazartesi,807327,831546,194463,294004,114908,73994,44032,1566.7,30.5
2021-07-20,2021,7,Salı,802100,826163,156739,296855,145371,64165,56486,1828.56,25.9
2021-07-21,2021,7,Çrᗺmba,807810,832044,226496,292737,135937,100717,58911,1177.21,26.1
2021-07-22,2021,7,Perᗾmbe,825016,849767,235385,265484,157344,68398,61470,1185.69,32.4
2021-07-23,2021,7,Cuma,821114,845747,171996,284587,164335,84562,52244,1635.39,27.6
2021-07-24,2021,7,Cumartesi,699783,720776,192867,267104,164410,92220,38699,1651.36,25.3
2021-07-25,2021,7,Pazar,712121,733485,153333,241078,154121,66095,47595,2168.02,27.2
2021-07-26,2021,7,Pazartesi,842841,868126,199254,318247,159340,71018,66168,2458.5,27.4
2021-07-27,2021,7,Salı,854476,880111,200337,300152,179234,85601,47693,2026.2,26.7
2021-07-28,2021,7,Çrᗺmba,852550,878127,210061,295373,166729,75460,47881,1449.93,26.5
2021-07-29,2021,7,Perᗾmbe,840994,866224,161198,323645,190801,61727,41342,2157.13,26.9
2021-07-30,2021,7,Cuma,824631,849370,226172,269618,124732,103072,69502,1655,28.5
2021-07-31,2021,7,Cumartesi,747388,769810,151372,239584,152170,82172,46048,1957.67,24.2
2021-08-01,2021,8,Pazar,753780,776394,207713,276519,142551,81929,66343,1607.13,25.7
2021-08-02,2021,8,Pazartesi,841570,866817,183645,313762,151158,72871,64174,1948.45,26.7
2021-08-03,2021,8,Salı,817978,842518,204404,305650,136561,75906,43564,1886.79,28.4
2021-08-04,2021,8,Çrᗺmba,823143,847838,204459,287853,146663,77202,65561,1811.42,19.6
2021-08-05,2021,8,Perᗾmbe,845148,870502,196894,309145,147479,75609,59604,1821.17,26.8
2021-08-06,2021,8,Cuma,860484,886299,239778,284750,139893,120698,53889,1887.52,25
2021-08-07,2021,8,Cumartesi,770003,793103,183894,297885,151115,97537,41345,1722.61,25.9
2021-08-08,2021,8,Pazar,780825,804250,184205,312190,132128,85961,38869,1887.59,21.5
2021-08-09,2021,8,Pazartesi,875764,902037,198644,293552,149116,83409,41965,1969.94,21.5
2021-08-10,2021,8,Salı,845550,870917,249868,287028,166982,97962,49738,2059.4,25.4
2021-08-11,2021,8,Çrᗺmba,874822,901067,254333,294163,141088,76873,57121,1832.36,28.4
2021-08-12,2021,8,Perᗾmbe,861115,886948,196469,321728,131167,79055,56492,2129.19,29.2
2021-08-13,2021,8,Cuma,914622,942061,221105,334077,135722,82830,61326,1708.27,21.3
2021-08-14,2021,8,Cumartesi,748578,771035,149929,291053,119758,102430,41493,1920.97,25.7
2021-08-15,2021,8,Pazar,767920,790958,172576,265091,124270,78334,53799,1753.32,26.7
2021-08-16,2021,8,Pazartesi,828450,853303,194461,300243,160588,88204,51783,1568.6,21
2021-08-17,2021,8,Salı,856978,882687,215622,289351,172178,94394,40552,1785.37,18.3
2021-08-18,2021,8,Çrᗺmba,888578,915235,233720,336338,141755,115869,58517,2108.45,28.5
2021-08-19,2021,8,Perᗾmbe,895030,921881,221112,332919,130291,102773,56278,1986.01,24.6
2021-08-20,2021,8,Cuma,897666,924596,224887,308484,161519,120761,61496,1791.95,26.6
2021-08-21,2021,8,Cumartesi,759908,782706,170647,252286,106023,91492,54769,1569.17,27
2021-08-22,2021,8,Pazar,793717,817529,195170,273557,143185,50018,41133,1694.2,22
2021-08-23,2021,8,Pazartesi,928744,956606,213576,310252,127587,82137,51562,1953.68,21.6
2021-08-24,2021,8,Salı,893208,920004,192214,323478,150143,90511,51111,1670.4,23
2021-08-25,2021,8,Çrᗺmba,899470,926454,219533,322955,134511,90140,46474,1765.43,25.1
2021-08-26,2021,8,Perᗾmbe,899756,926749,268120,342915,166631,87010,67994,1921.61,24.1
2021-08-27,2021,8,Cuma,927634,955463,188888,322304,159296,97718,52658,1658.45,20.8
2021-08-28,2021,8,Cumartesi,807132,831346,172416,295873,149324,76277,49874,1604.11,23.4
2021-08-29,2021,8,Pazar,769183,792259,202867,273390,112534,71127,45535,1780.23,24.3
2021-08-30,2021,8,Pazartesi,877867,904203,236685,311600,150733,87070,61210,2252.69,25.7
2021-08-31,2021,8,Salı,872265,898433,197324,310504,137935,79814,33287,1941.5,24.3
2021-09-01,2021,9,Çrᗺmba,888465,915119,188446,361448,157663,80843,53339,1914.28,19.5
2021-09-02,2021,9,Perᗾmbe,912556,939932,178561,300893,169874,67239,42901,1881.12,20.3
2021-09-03,2021,9,Cuma,913781,941194,198280,289690,148412,106896,48891,1156.52,20.9
2021-09-04,2021,9,Cumartesi,835928,861006,202271,308220,171999,97907,52263,1456.94,21
2021-09-05,2021,9,Pazar,821879,846535,198635,290557,144444,106101,44079,1997.13,20.3
2021-09-06,2021,9,Pazartesi,925201,952957,223113,282411,155483,122749,56536,2066.74,20.7
2021-09-07,2021,9,Salı,932388,960360,234369,344681,139115,72130,60430,2054.56,23.6
2021-09-08,2021,9,Çrᗺmba,942143,970407,222529,337013,150135,102405,58534,1586.01,19.6
2021-09-09,2021,9,Perᗾmbe,936302,964391,250813,317663,165363,105130,63814,1585.59,25.3
2021-09-10,2021,9,Cuma,958116,986860,193565,312174,125736,99411,55051,2100.38,19.8
2021-09-11,2021,9,Cumartesi,831673,856623,198394,307085,99856,59363,49186,1708.41,20.8
2021-09-12,2021,9,Pazar,803460,827564,202861,289326,124589,70285,38352,1643.89,20.2
2021-09-13,2021,9,Pazartesi,936602,964700,253050,339939,139434,65071,52998,2122.62,16.4
2021-09-14,2021,9,Salı,957091,985804,213820,326024,142644,85132,52122,1865.23,20
2021-09-15,2021,9,Çrᗺmba,974081,1003304,279989,345514,167109,100230,46913,2222.93,21.6
2021-09-16,2021,9,Perᗾmbe,939928,968126,186296,324892,147994,104122,68310,1976.49,15.2
2021-09-17,2021,9,Cuma,960053,988855,200351,322212,142725,93994,70668,2029.59,21.1
2021-09-18,2021,9,Cumartesi,849414,874896,193820,282464,102679,87791,47969,1751.5,18
2021-09-19,2021,9,Pazar,847383,872804,230582,305626,163228,80531,26543,1812.83,22
2021-09-20,2021,9,Pazartesi,954460,983093,222504,340320,159739,100583,49473,1465.46,24
2021-09-21,2021,9,Salı,972345,1001515,260655,345044,173171,69345,59595,2170.7,17.5
2021-09-22,2021,9,Çrᗺmba,955731,984403,214753,315724,121923,112601,37442,1801.43,21.2
2021-09-23,2021,9,Perᗾmbe,983340,1012840,216954,355321,143958,134037,42587,2034.51,18.4
2021-09-24,2021,9,Cuma,935433,963496,214394,322493,162689,89450,41292,1809.55,20.5
2021-09-25,2021,9,Cumartesi,866131,892115,192636,302100,164381,94144,36170,1497.03,17.7
2021-09-26,2021,9,Pazar,848990,874459,201374,287025,108966,83135,51921,1906.35,18.4
2021-09-27,2021,9,Pazartesi,995556,1025423,210827,342621,140735,68635,42130,1825.87,21
2021-09-28,2021,9,Salı,959693,988484,229693,309237,132032,84602,39864,1961.68,18.1
2021-09-29,2021,9,Çrᗺmba,975498,1004763,210777,354160,146567,89129,46788,1921.43,16.4
2021-09-30,2021,9,Perᗾmbe,961239,990077,249359,311791,135740,77558,48857,2002.85,16.7
2021-10-01,2021,10,Cuma,986686,1016287,236654,354087,163907,114108,54694,1713.63,16
2021-10-02,2021,10,Cumartesi,877409,903732,246203,322914,135754,90625,45012,1779.09,12
2021-10-03,2021,10,Pazar,865444,891408,206707,322462,136797,74066,42365,1552.32,23
2021-10-04,2021,10,Pazartesi,980764,1010187,220075,311273,155715,71718,53520,1937.32,17.9
2021-10-05,2021,10,Salı,993877,1023694,196905,378929,159753,88096,35573,1936.91,20.5
2021-10-06,2021,10,Çrᗺmba,955959,984638,263396,316812,127489,137174,35147,1744.32,15.7
2021-10-07,2021,10,Perᗾmbe,969354,998435,232115,335481,155037,78741,46974,2270.08,14.7
2021-10-08,2021,10,Cuma,982724,1012206,228770,348232,135062,130711,25266,2030.47,12.1
2021-10-09,2021,10,Cumartesi,884565,911102,222608,296705,134211,103889,43074,1835.69,15.4
2021-10-10,2021,10,Pazar,857514,883239,168073,302205,113674,77766,30967,1947.88,16.7
2021-10-11,2021,10,Pazartesi,999177,1029152,232585,360968,109932,83899,28125,2237.07,15.1
2021-10-12,2021,10,Salı,1003709,1033820,210387,363475,152929,87729,60439,1996.73,16.8
2021-10-13,2021,10,Çrᗺmba,1033558,1064564,231770,369805,120003,96844,44729,1767.16,14.2
2021-10-14,2021,10,Perᗾmbe,1002553,1032629,197965,340139,146902,95486,35649,2283.24,10
2021-10-15,2021,10,Cuma,1001333,1031373,245332,385924,167734,114959,47897,2108.88,15.3
2021-10-16,2021,10,Cumartesi,877982,904322,191918,302950,124221,97496,36195,2044.42,15.1
2021-10-17,2021,10,Pazar,907379,934600,253653,325982,141760,130188,56981,1750.93,9.6
2021-10-18,2021,10,Pazartesi,997013,1026923,206112,382653,141081,133833,57356,1562.98,9.9
2021-10-19,2021,10,Salı,1032414,1063387,256654,335618,151612,124416,60775,1945.62,13.3
2021-10-20,2021,10,Çrᗺmba,1010433,1040745,228316,351609,143403,103851,30601,2155.75,14.1
2021-10-21,2021,10,Perᗾmbe,1025396,1056157,199602,368924,138141,117004,32059,1861.55,11.4
2021-10-22,2021,10,Cuma,997408,1027330,267561,353683,173040,118193,24964,1879.36,12.6
2021-10-23,2021,10,Cumartesi,903821,930936,245147,309544,152274,80385,41118,1703.97,8.6
2021-10-24,2021,10,Pazar,926509,954304,186845,307281,127236,95166,33525,1997.19,12.7
2021-10-25,2021,10,Pazartesi,1036420,1067512,241455,345509,178353,100246,41878,1779.15,13.6
2021-10-26,2021,10,Salı,996551,1026447,232777,357685,150123,105507,51096,2333.3,12.6
2021-10-27,2021,10,Çrᗺmba,1031769,1062722,271304,378147,162862,108012,37347,1671.73,8.9
2021-10-28,2021,10,Perᗾmbe,980116,1009520,249575,352971,202022,101675,37159,1340.65,6
2021-10-29,2021,10,Cuma,1012030,1042391,235506,363553,148909,103493,45949,1939.61,10.7
2021-10-30,2021,10,Cumartesi,932228,960195,241080,347691,136768,110127,42252,1779.67,6.7
2021-10-31,2021,10,Pazar,937548,965675,236821,308546,160789,98518,36889,2353.9,13.4
2021-11-01,2021,11,Pazartesi,1026708,1057509,243698,346039,163185,96413,40631,2202.73,10.8
2021-11-02,2021,11,Salı,1011178,1041513,202074,349834,189229,168849,34232,2297.88,10.2
2021-11-03,2021,11,Çrᗺmba,1028490,1059345,245078,381765,182357,112790,43107,1892.02,15.6
2021-11-04,2021,11,Perᗾmbe,1010274,1040582,167558,328765,162008,101609,31761,1803.87,9
2021-11-05,2021,11,Cuma,996336,1026226,286674,320803,150133,78400,42815,2010.44,6.1
2021-11-06,2021,11,Cumartesi,902387,929459,200804,324574,191085,66451,28230,1586.77,9.5
2021-11-07,2021,11,Pazar,886826,913431,186412,289916,158519,95818,51134,1627.96,7.6
2021-11-08,2021,11,Pazartesi,1032835,1063820,245513,420673,169160,112341,53917,1775.66,7.5
2021-11-09,2021,11,Salı,1010788,1041111,287493,362999,128434,102176,32401,2324.98,8.8
2021-11-10,2021,11,Çrᗺmba,1025873,1056649,243870,372207,194100,120675,31797,2342.1,10.8
2021-11-11,2021,11,Perᗾmbe,1046673,1078073,233455,395389,179807,72244,48673,1839.37,8.9
2021-11-12,2021,11,Cuma,1005057,1035208,223987,369529,186763,93667,10027,1657.24,10.6
2021-11-13,2021,11,Cumartesi,905005,932155,201200,290477,153334,90716,38015,1460.53,9.9
2021-11-14,2021,11,Pazar,916231,943718,174212,323308,186699,130345,27402,1801.2,9.6
2021-11-15,2021,11,Pazartesi,1036227,1067314,243553,364964,188082,122904,31052,1666.53,7.2
2021-11-16,2021,11,Salı,1007281,1037499,212577,344055,160054,127095,14743,2367.97,8.3
2021-11-17,2021,11,Çrᗺmba,974273,1003501,243487,365914,168811,112169,28049,1784.9,3.7
2021-11-18,2021,11,Perᗾmbe,1010681,1041001,240342,375029,187786,97539,38866,1829.2,6.8
2021-11-19,2021,11,Cuma,1011552,1041898,266101,331681,198978,115873,28557,2200.63,4.5
2021-11-20,2021,11,Cumartesi,943969,972289,201149,344437,154793,75962,30052,2076.51,5.8
2021-11-21,2021,11,Pazar,951426,979969,242644,335065,173122,115954,16670,1540.35,10.5
2021-11-22,2021,11,Pazartesi,1016936,1047444,251820,361332,237180,119905,9669,1911.49,7.6
2021-11-23,2021,11,Salı,1020040,1050641,231525,382109,193169,151020,33727,2078.48,4.5
2021-11-24,2021,11,Çrᗺmba,1023091,1053784,197804,379231,195543,128864,19412,1637.49,9.7
2021-11-25,2021,11,Perᗾmbe,1032854,1063840,246872,353724,132328,93629,23498,1974.62,3.8
2021-11-26,2021,11,Cuma,1028433,1059286,245459,373043,199454,93482,36234,1963.22,3.3
2021-11-27,2021,11,Cumartesi,906157,933342,213555,331468,202644,96983,26247,1862.94,2.5
2021-11-28,2021,11,Pazar,896951,923860,194755,317134,169855,118833,33013,2276.04,5.5
2021-11-29,2021,11,Pazartesi,1011446,1041790,279156,312269,186740,94144,36828,1791.84,0.9
2021-11-30,2021,11,Salı,1050511,1082027,218942,356993,189652,144998,40660,2171.6,6.4
2021-12-01,2021,12,Çrᗺmba,1027517,1058343,195625,379773,174542,121687,46584,1766.89,4.8
2021-12-02,2021,12,Perᗾmbe,1036053,1067134,254264,348659,258129,61064,30793,2000.91,6.2
2021-12-03,2021,12,Cuma,1052506,1084081,268779,401530,186184,104029,33341,2013.15,8.2
2021-12-04,2021,12,Cumartesi,922932,950620,236877,340469,171432,105200,14561,1906.13,6.9
2021-12-05,2021,12,Pazar,904889,932036,177053,309618,170556,80809,18310,2203.12,6.3
2021-12-06,2021,12,Pazartesi,982191,1011656,218009,350211,191847,92036,48070,2270.62,2.7
2021-12-07,2021,12,Salı,1056810,1088514,262640,384757,190180,108736,46899,2138.56,3.5
2021-12-08,2021,12,Çrᗺmba,1021114,1051748,223378,378910,194390,78947,24899,1740.13,2.3
2021-12-09,2021,12,Perᗾmbe,1006707,1036908,236704,369925,208871,76621,22364,2063.29,7.8
2021-12-10,2021,12,Cuma,1020938,1051566,226536,381123,225185,83052,27126,1625.29,3.3
2021-12-11,2021,12,Cumartesi,942078,970341,203701,345996,182404,127294,44480,1957.87,4.7
2021-12-12,2021,12,Pazar,903673,930783,191876,323454,151826,85932,26805,1683.34,6.5
2021-12-13,2021,12,Pazartesi,1028401,1059253,198965,371523,215494,76823,29435,2154.93,3.3
2021-12-14,2021,12,Salı,972173,1001338,273987,318651,184541,56827,46009,2098.19,1
2021-12-15,2021,12,Çrᗺmba,1005100,1035253,242465,335177,194991,103332,17052,2023.45,6.9
2021-12-16,2021,12,Perᗾmbe,997886,1027823,187555,379948,182993,81442,15355,1949.32,7.2
2021-12-17,2021,12,Cuma,1027530,1058356,225099,367851,212270,120382,37295,1848.03,5.6
2021-12-18,2021,12,Cumartesi,913341,940741,194598,329912,143592,73933,40798,1677.36,-0.9
2021-12-19,2021,12,Pazar,917892,945429,198135,325966,147163,79065,30554,1786.82,8.3
2021-12-20,2021,12,Pazartesi,1033051,1064043,229596,384017,171810,75311,26617,2015.16,1.8
2021-12-21,2021,12,Salı,975760,1005032,223622,351559,170749,102107,36225,1720.45,5.1
2021-12-22,2021,12,Çrᗺmba,991722,1021474,237880,354889,171717,62747,17125,2122.64,2.7
2021-12-23,2021,12,Perᗾmbe,987195,1016811,251094,341462,232974,78897,32180,2166.64,8.5
2021-12-24,2021,12,Cuma,1016208,1046695,273433,349944,235252,92568,46575,2161.15,6
2021-12-25,2021,12,Cumartesi,911870,939226,234087,324964,185152,98510,39394,2052.7,5.6
2021-12-26,2021,12,Pazar,886706,913308,209124,261374,188257,107607,23608,2077.14,5.9
2021-12-27,2021,12,Pazartesi,974957,1004206,201273,330830,240874,103480,20310,1438.44,-1.8
2021-12-28,2021,12,Salı,1001406,1031448,221041,368386,223498,98571,28956,1831.48,2.7
2021-12-29,2021,12,Çrᗺmba,1004350,1034480,258787,326201,210291,94839,38481,1646.52,3.5
2021-12-30,2021,12,Perᗾmbe,975026,1004277,198233,361969,240404,75177,20647,1807.82,3.1
2021-12-31,2021,12,Cuma,988268,1017916,243288,346259,226816,108351,25212,1619.38,-0.6
2022-01-01,2022,1,Cumartesi,896023,922904,174687,360913,188306,76519,25336,1858.27,2.3
2022-01-02,2022,1,Pazar,899792,926785,235067,316334,178996,64323,28579,2424.79,3.6
2022-01-03,2022,1,Pazartesi,979219,1008596,188584,387720,240614,111671,20871,1557.49,0.5
2022-01-04,2022,1,Salı,1001984,1032043,210538,330482,220841,100109,30125,1983.62,2.4
2022-01-05,2022,1,Çrᗺmba,956283,984971,222000,357138,229619,112691,0,1912.04,0
2022-01-06,2022,1,Perᗾmbe,965349,994310,229504,347220,192107,99389,30522,2426.89,3.4
2022-01-07,2022,1,Cuma,956776,985479,229140,305576,201620,80928,22151,1741.05,1.4
2022-01-08,2022,1,Cumartesi,853258,878856,211094,281156,156709,77789,23325,1990.47,0
2022-01-09,2022,1,Pazar,865373,891335,188091,325116,208492,100659,40988,2295.66,4.9
2022-01-10,2022,1,Pazartesi,957924,986662,217008,316943,216310,80023,38191,1934.56,6.3
2022-01-11,2022,1,Salı,995960,1025839,265551,360914,218784,127254,26792,2195.43,0.8
2022-01-12,2022,1,Çrᗺmba,990638,1020357,229854,328362,252506,111395,20020,2188.62,-0.8
2022-01-13,2022,1,Perᗾmbe,987961,1017600,226840,360740,250586,129562,49513,2379.51,3.9
2022-01-14,2022,1,Cuma,974077,1003299,235227,341331,226129,97851,23192,2479.73,4.6
2022-01-15,2022,1,Cumartesi,832420,857393,157549,319054,195422,64706,7861,1915.2,6.3
2022-01-16,2022,1,Pazar,837466,862590,202483,316028,214060,68117,28342,2177.39,2.4
2022-01-17,2022,1,Pazartesi,989561,1019248,328923,359647,207175,95932,36268,1910.55,2.9
2022-01-18,2022,1,Salı,944664,973004,248137,332762,220843,68758,32639,2215.42,-1.1
2022-01-19,2022,1,Çrᗺmba,996642,1026542,232437,319503,235663,97618,43861,1664.24,3.3
2022-01-20,2022,1,Perᗾmbe,963228,992125,240145,338886,198283,76495,39520,2078.83,8.8
2022-01-21,2022,1,Cuma,947379,975801,213428,324865,238253,99924,38378,2141.99,4.1
2022-01-22,2022,1,Cumartesi,830577,855494,155274,272591,178841,86731,29166,2244.56,2.6
2022-01-23,2022,1,Pazar,837909,863046,199535,299635,177068,116997,27696,1918.56,1.8
2022-01-24,2022,1,Pazartesi,963291,992190,216888,340332,212362,142024,47651,1704.97,2.2
2022-01-25,2022,1,Salı,954631,983270,233742,338652,247171,87369,35142,2200.27,1.9
2022-01-26,2022,1,Çrᗺmba,957580,986308,216317,337699,224210,84940,37873,1559.39,5.3
2022-01-27,2022,1,Perᗾmbe,941457,969700,244412,316017,234328,108421,36417,1575.23,2.8
2022-01-28,2022,1,Cuma,939386,967568,208280,387421,262947,87333,44184,2308.55,1.4
2022-01-29,2022,1,Cumartesi,845048,870399,229493,295182,227766,106131,30449,1993.74,1.7
2022-01-30,2022,1,Pazar,831111,856045,176445,305916,212901,60865,39533,2516.22,6.1
2022-01-31,2022,1,Pazartesi,948452,976905,202046,336420,235456,82977,32997,2215.86,1.9
2022-02-01,2022,2,Salı,891503,918248,196342,316120,217150,78369,35012,1784.78,3
2022-02-02,2022,2,Çrᗺmba,929221,957098,195500,331876,223510,66585,35342,2076.37,-0.2
2022-02-03,2022,2,Perᗾmbe,922076,949739,276892,336579,231567,46680,16117,2306.32,0.9
2022-02-04,2022,2,Cuma,933666,961676,245805,303563,239900,92606,47792,1949.65,1.3
2022-02-05,2022,2,Cumartesi,829251,854128,209369,309379,197250,72051,23733,2275.99,-2.5
2022-02-06,2022,2,Pazar,797999,821939,192583,280567,203800,91052,29834,2052.91,1.5
2022-02-07,2022,2,Pazartesi,932314,960283,225319,309369,226738,116411,28058,2243.16,6.1
2022-02-08,2022,2,Salı,927196,955012,250182,306342,249723,87121,40369,1440.96,4.6
2022-02-09,2022,2,Çrᗺmba,919390,946971,229866,342247,248401,107488,34475,2366.52,8.6
2022-02-10,2022,2,Perᗾmbe,894963,921812,199617,333827,211007,77439,28843,2120.91,5.7
2022-02-11,2022,2,Cuma,939603,967792,239520,306425,237820,123458,43346,1979.9,8.4
2022-02-12,2022,2,Cumartesi,786644,810243,217488,271345,196669,95357,30185,1973.55,5.6
2022-02-13,2022,2,Pazar,844618,869957,241174,312238,209748,94301,26875,2104.04,7.1
2022-02-14,2022,2,Pazartesi,923453,951156,253280,319824,205901,87535,35603,1763.97,6.6
2022-02-15,2022,2,Salı,885222,911779,227185,348975,195608,104948,35307,1734.09,2.4
2022-02-16,2022,2,Çrᗺmba,898953,925921,223666,275612,236037,91727,38081,1919.1,9.5
2022-02-17,2022,2,Perᗾmbe,888950,915618,199240,291996,246222,81055,34853,1832.87,6
2022-02-18,2022,2,Cuma,879036,905407,192529,285166,229496,61515,26667,1906.55,5.5
2022-02-19,2022,2,Cumartesi,813763,838176,184111,286370,210135,89374,14355,2271.02,7.5
2022-02-20,2022,2,Pazar,778548,801905,167557,266944,197229,74324,34258,1677.76,6.1
2022-02-21,2022,2,Pazartesi,876174,902460,234262,339615,255413,57611,30453,1981.58,5.1
2022-02-22,2022,2,Salı,883080,909573,209302,311789,262595,100248,41545,2231.94,2.1
2022-02-23,2022,2,Çrᗺmba,861022,886852,155684,300780,223360,83509,40330,1949.43,6.5
2022-02-24,2022,2,Perᗾmbe,902263,929331,179455,334055,251259,78324,43464,2008.63,4.5
2022-02-25,2022,2,Cuma,889941,916640,215700,304176,194128,75302,35583,1803.47,6.5
2022-02-26,2022,2,Cumartesi,768110,791153,176835,257876,198566,61291,48393,1962.21,5.6
2022-02-27,2022,2,Pazar,744037,766358,141497,242827,196411,92723,29814,2216.13,8.8
2022-02-28,2022,2,Pazartesi,846682,872083,204645,274852,204859,99149,10377,1957.81,7.7
2022-03-01,2022,3,Salı,882463,908937,206563,292231,234808,59942,35787,2171.94,8.1
2022-03-02,2022,3,Çrᗺmba,869348,895429,227595,303216,245841,87837,44966,2139.3,12.7
2022-03-03,2022,3,Perᗾmbe,859427,885210,196366,301082,230413,56174,51227,1893.79,6.4
2022-03-04,2022,3,Cuma,875140,901394,211496,266807,224004,68036,27364,1455.93,10.4
2022-03-05,2022,3,Cumartesi,750666,773186,209073,283741,189290,74625,45019,1982.3,10.7
2022-03-06,2022,3,Pazar,757275,779993,164104,290389,217529,60489,33762,2421.29,12.9
2022-03-07,2022,3,Pazartesi,867946,893984,269622,296962,219161,109122,31406,2418,9.9
2022-03-08,2022,3,Salı,831598,856546,183812,324952,237926,102188,66050,1994.67,6.1
2022-03-09,2022,3,Çrᗺmba,852720,878301,206510,326213,247377,73886,35663,1658.47,3.7
2022-03-10,2022,3,Perᗾmbe,827036,851847,192841,284383,240199,97892,38484,2216.97,8.4
2022-03-11,2022,3,Cuma,815528,839994,190469,279468,241758,97769,44811,1426.66,4
2022-03-12,2022,3,Cumartesi,763402,786304,190717,277199,202501,63706,44593,1643.91,13.5
2022-03-13,2022,3,Pazar,735371,757432,182117,257157,174458,86315,33599,1777.62,8.8
2022-03-14,2022,3,Pazartesi,865297,891256,183090,306396,256466,114984,46238,1990.11,6.9
2022-03-15,2022,3,Salı,835971,861050,197276,277140,236996,65125,43857,1936.94,8.9
2022-03-16,2022,3,Çrᗺmba,876776,903079,245969,305056,263974,76530,43666,1809.6,9.8
2022-03-17,2022,3,Perᗾmbe,821766,846419,184306,305264,210482,97689,39253,1904.23,10
2022-03-18,2022,3,Cuma,829056,853928,199685,280719,248667,130883,40326,2060.64,10.2
2022-03-19,2022,3,Cumartesi,726456,748249,137955,245170,185263,70265,35376,2341.09,11
2022-03-20,2022,3,Pazar,705052,726204,191095,238761,169721,76419,38504,2018.11,14.6
2022-03-21,2022,3,Pazartesi,830471,855385,168947,297024,222940,65411,51901,2101.92,10.3
2022-03-22,2022,3,Salı,827834,852669,207105,288212,244390,84072,33083,1903.22,14.2
2022-03-23,2022,3,Çrᗺmba,825544,850311,202455,284977,233664,85326,39683,1762.69,10
2022-03-24,2022,3,Perᗾmbe,826683,851484,177714,278419,210706,65524,31939,1401.99,7.6
2022-03-25,2022,3,Cuma,850506,876021,165075,312669,197013,77761,25454,2567.76,15.6
2022-03-26,2022,3,Cumartesi,718554,740111,191794,231988,202242,70089,36348,1463.17,13.1
2022-03-27,2022,3,Pazar,716040,737521,156928,234802,203648,69544,39990,2266.27,8.5
2022-03-28,2022,3,Pazartesi,809816,834111,172521,293496,221810,75887,42809,2099.46,14.8
2022-03-29,2022,3,Salı,832621,857600,206869,320112,228633,95119,44703,2095.21,14.9
2022-03-30,2022,3,Çrᗺmba,817182,841697,210589,280001,237750,53780,47959,1627.04,14.7
2022-03-31,2022,3,Perᗾmbe,813436,837839,220504,275399,231071,106203,52744,1973.27,13.6
2022-04-01,2022,4,Cuma,824085,848808,188973,280672,228780,103350,41027,1566.98,11.4
2022-04-02,2022,4,Cumartesi,705686,726856,146343,241860,205838,49218,45166,1958.61,16.5
2022-04-03,2022,4,Pazar,723459,745162,161792,236486,196327,61635,38660,2006.69,12.4
2022-04-04,2022,4,Pazartesi,819992,844591,173827,285154,212931,71631,50601,1739.62,12.8
2022-04-05,2022,4,Salı,808363,832614,210068,278243,239967,95582,58723,2124.26,16.2
2022-04-06,2022,4,Çrᗺmba,761797,784651,157822,283109,234949,55713,42269,1912.89,12.2
2022-04-07,2022,4,Perᗾmbe,825005,849755,179751,251511,212929,85331,30901,1881.51,16.7
2022-04-08,2022,4,Cuma,796775,820678,142524,287680,226383,100353,37597,1848.78,12
2022-04-09,2022,4,Cumartesi,729724,751616,158412,227888,211877,87373,49433,1863.02,15.7
2022-04-10,2022,4,Pazar,711137,732471,172280,246538,164325,85384,49079,1757.45,19.6
2022-04-11,2022,4,Pazartesi,792275,816043,221145,303761,235973,95485,47697,1875.31,17.3
2022-04-12,2022,4,Salı,780016,803417,159979,261195,185539,91650,51605,1931.06,14.5
2022-04-13,2022,4,Çrᗺmba,761822,784676,157362,320833,226338,57976,35654,2265.64,15.7
2022-04-14,2022,4,Perᗾmbe,804426,828559,189789,282805,201281,111655,36706,2083.13,16.7
2022-04-15,2022,4,Cuma,788245,811892,196258,263145,220146,73008,38930,2179.67,13.8
2022-04-16,2022,4,Cumartesi,671047,691178,162960,229362,203936,80074,41947,1880.63,15.8
2022-04-17,2022,4,Pazar,684226,704752,157170,239684,188115,58475,39037,1704.73,17.5
2022-04-18,2022,4,Pazartesi,776762,800065,196374,272012,214218,61636,58278,1962.69,16.9
2022-04-19,2022,4,Salı,781443,804886,161460,287912,205412,91110,44426,2297.79,16.1
2022-04-20,2022,4,Çrᗺmba,770850,793975,191661,274161,218950,109034,48430,2000.3,17
2022-04-21,2022,4,Perᗾmbe,790647,814367,215805,266351,233254,91933,43460,2172.04,20.5
2022-04-22,2022,4,Cuma,771976,795136,195054,259747,227490,80220,45717,1917.95,16.7
2022-04-23,2022,4,Cumartesi,699175,720151,152479,238383,209754,90579,36815,2273.03,16.2
2022-04-24,2022,4,Pazar,689553,710239,150669,266399,179498,86625,46478,2178.22,20.8
2022-04-25,2022,4,Pazartesi,801777,825830,208005,290040,185994,92609,46430,1681.13,20.7
2022-04-26,2022,4,Salı,758192,780938,177319,269248,194873,86682,48691,2027.37,9
2022-04-27,2022,4,Çrᗺmba,754839,777484,201451,271205,201879,50599,40068,2093.11,17.2
2022-04-28,2022,4,Perᗾmbe,776208,799494,211871,263350,218097,82272,36032,1939.68,16.9
2022-04-29,2022,4,Cuma,772225,795392,187500,269285,195526,100047,57402,1901.13,21
2022-04-30,2022,4,Cumartesi,692204,712970,170034,256642,192347,84250,34633,1720.37,18.5
2022-05-01,2022,5,Pazar,623854,642570,127872,212939,174699,69349,48002,2075.13,20.4
2022-05-02,2022,5,Pazartesi,767064,790076,189320,282487,206903,72194,52309,1895.94,20.8
2022-05-03,2022,5,Salı,748978,771447,156893,257672,207729,67996,39899,1931.63,18.2
2022-05-04,2022,5,Çrᗺmba,766921,789929,180889,275913,198153,69625,56417,2028.3,21.7
2022-05-05,2022,5,Perᗾmbe,764712,787654,158694,259473,211801,72658,54189,1802.02,22.2
2022-05-06,2022,5,Cuma,747957,770396,175257,264525,179961,43466,48892,1993.61,19
2022-05-07,2022,5,Cumartesi,650653,670173,184310,236641,183377,73553,35557,1923.28,16.3
2022-05-08,2022,5,Pazar,672683,692863,139968,245262,181721,53411,40010,2419.88,24
2022-05-09,2022,5,Pazartesi,768235,791282,187582,261022,204303,125851,61370,1756.82,23.9
2022-05-10,2022,5,Salı,762668,785548,163619,249083,188796,101216,53847,2355.92,21.9
2022-05-11,2022,5,Çrᗺmba,769732,792824,179136,271767,217460,60343,50585,1626.74,25.3
2022-05-12,2022,5,Perᗾmbe,776591,799888,181576,288521,193347,90996,43704,1754.97,22.6
2022-05-13,2022,5,Cuma,775547,798814,164515,253222,207929,85905,52070,1969.24,22.2
2022-05-14,2022,5,Cumartesi,657537,677263,135585,210673,174018,70399,42939,1531.33,21.6
2022-05-15,2022,5,Pazar,668896,688962,171737,226300,192687,71566,37991,1929.78,24.2
2022-05-16,2022,5,Pazartesi,763249,786146,188297,253391,210888,73667,46429,1851.38,23.1
2022-05-17,2022,5,Salı,752729,775311,197581,265126,213481,72454,50131,1784.36,22.3
2022-05-18,2022,5,Çrᗺmba,771697,794848,179246,267614,197569,93407,62757,2273.57,22.2
2022-05-19,2022,5,Perᗾmbe,761048,783879,184215,263490,203559,69678,50525,1925.5,23.3
2022-05-20,2022,5,Cuma,749577,772064,151279,251851,187810,75630,46211,2127.85,23.5
2022-05-21,2022,5,Cumartesi,637841,656976,131341,242747,147260,71575,57969,2208.48,20.8
2022-05-22,2022,5,Pazar,668199,688245,174875,225695,142293,68000,44334,1955.75,27.6
2022-05-23,2022,5,Pazartesi,745404,767766,173853,247693,184112,77817,44356,1912.35,19.2
2022-05-24,2022,5,Salı,746462,768856,158669,278321,188153,76038,49885,2103.78,25.9
2022-05-25,2022,5,Çrᗺmba,773903,797120,204226,237735,211418,97128,55207,2194.76,24.8
2022-05-26,2022,5,Perᗾmbe,810107,834410,189759,297348,223542,83921,65029,1911.07,27
2022-05-27,2022,5,Cuma,753379,775980,133775,277703,216251,67959,47194,1898.67,21.5
2022-05-28,2022,5,Cumartesi,690034,710735,140549,260907,196341,59962,60493,1825.72,23.3
2022-05-29,2022,5,Pazar,676567,696864,144500,239904,165139,86843,57623,2217.93,19.4
2022-05-30,2022,5,Pazartesi,787538,811164,188292,273517,217444,87872,56531,1940.87,21.8
2022-05-31,2022,5,Salı,751332,773872,189174,255259,187460,64318,52119,1887.92,23.9
2022-06-01,2022,6,Çrᗺmba,740272,762480,179109,272113,175635,88957,42874,2031.62,30.1
2022-06-02,2022,6,Perᗾmbe,739132,761306,162963,282279,169869,70977,53289,2139.12,26.9
2022-06-03,2022,6,Cuma,767207,790223,189057,284213,209406,100498,44626,1903.62,24
2022-06-04,2022,6,Cumartesi,676402,696694,172320,223987,174422,79521,52408,1788.07,23.6
2022-06-05,2022,6,Pazar,637992,657131,171629,212249,149719,54600,38738,1912.84,22.9
2022-06-06,2022,6,Pazartesi,775387,798648,173566,290631,201618,76536,58301,2251.23,24.9
2022-06-07,2022,6,Salı,775434,798697,182116,269298,178952,43163,46931,1967.66,22.1
2022-06-08,2022,6,Çrᗺmba,787540,811166,213791,292796,188647,71453,49427,1873.96,22.4
2022-06-09,2022,6,Perᗾmbe,779974,803373,209307,264465,196585,80057,56376,2141.3,25.5
2022-06-10,2022,6,Cuma,776102,799385,200046,278433,192095,84273,31060,1934.87,28.1
2022-06-11,2022,6,Cumartesi,642985,662274,151732,235722,177106,78655,51939,1997.63,25.7
2022-06-12,2022,6,Pazar,668888,688955,164079,232445,160137,38220,39976,1857.53,22.5
2022-06-13,2022,6,Pazartesi,796664,820564,190897,280213,176449,74234,59099,2044.44,24.2
2022-06-14,2022,6,Salı,786169,809755,168713,312748,195272,68823,61219,2109.09,22.9
2022-06-15,2022,6,Çrᗺmba,779993,803393,201944,269539,177754,122241,47910,1685.46,26.6
2022-06-16,2022,6,Perᗾmbe,755544,778210,185370,256316,149693,86143,39121,1851,29.1
2022-06-17,2022,6,Cuma,765819,788793,178832,281445,153981,69564,46946,1846.57,26.3
2022-06-18,2022,6,Cumartesi,653898,673515,143474,223900,136211,79605,56058,1277.84,28.6
2022-06-19,2022,6,Pazar,660879,680705,168657,206521,170521,69555,43667,1721.98,26.8
2022-06-20,2022,6,Pazartesi,755765,778438,209855,264080,159070,88923,67968,1690.44,25.9
2022-06-21,2022,6,Salı,802153,826218,208951,258780,202582,85377,53491,1924.11,26.3
2022-06-22,2022,6,Çrᗺmba,825212,849968,197907,308246,185609,70821,61790,2118.11,26
2022-06-23,2022,6,Perᗾmbe,813393,837794,224124,282921,169274,91647,66236,2151.08,26.1
2022-06-24,2022,6,Cuma,809267,833545,203968,290046,173279,79787,52588,1831.76,24.4
2022-06-25,2022,6,Cumartesi,703074,724166,154378,229980,138830,84279,51336,2028.94,22.8
2022-06-26,2022,6,Pazar,703884,725001,172551,237990,145334,72390,45227,2130.82,26.8
2022-06-27,2022,6,Pazartesi,788367,812018,192633,260447,180018,76758,48659,2007.35,24.9
2022-06-28,2022,6,Salı,791564,815311,185483,261676,177245,100400,55037,2081.04,27.7
2022-06-29,2022,6,Çrᗺmba,773742,796954,188711,263746,204039,67765,62158,1479.17,29.9
2022-06-30,2022,6,Perᗾmbe,795724,819596,178283,294435,171481,97008,58229,1592.85,27
2022-07-01,2022,7,Cuma,810662,834982,163955,256723,170013,95494,60761,1957.64,28.1
2022-07-02,2022,7,Cumartesi,667663,687693,161730,237942,149087,65332,52172,2023.79,30.3
2022-07-03,2022,7,Pazar,699409,720391,160444,242438,135746,55326,55834,1835.86,31.4
2022-07-04,2022,7,Pazartesi,790732,814454,209790,272946,149583,104334,67126,2066.69,26.2
2022-07-05,2022,7,Salı,814793,839237,183974,315667,198219,79847,53528,1588.67,22.3
2022-07-06,2022,7,Çrᗺmba,803319,827418,221489,243388,178037,67137,54232,1899.19,23.8
2022-07-07,2022,7,Perᗾmbe,861405,887247,203414,321314,183803,88160,65602,2016.94,24.3
2022-07-08,2022,7,Cuma,789228,812905,187548,286115,164391,88514,39071,2185.1,29.4
2022-07-09,2022,7,Cumartesi,728393,750245,140247,245863,134215,75075,57261,1725.73,27.8
2022-07-10,2022,7,Pazar,709635,730924,148775,277798,153182,91243,55527,1941.88,30
2022-07-11,2022,7,Pazartesi,829672,854562,203575,316183,188431,89852,34636,2116.15,28.1
2022-07-12,2022,7,Salı,838549,863706,207588,276127,145252,92556,63644,2131.47,28.5
2022-07-13,2022,7,Çrᗺmba,820303,844912,219656,303011,182916,78935,47239,2024.85,30
2022-07-14,2022,7,Perᗾmbe,841603,866851,205448,302938,139681,97917,55661,1822.01,24.9
2022-07-15,2022,7,Cuma,802714,826796,209309,274055,183763,89605,48205,1739.1,26.5
2022-07-16,2022,7,Cumartesi,708560,729817,154681,268307,146377,101865,35801,1438.8,24.5
2022-07-17,2022,7,Pazar,725683,747454,161540,218666,121742,88759,57886,2049.28,29.7
2022-07-18,2022,7,Pazartesi,868466,894520,218043,275757,177566,122973,74110,1665.28,27.2
2022-07-19,2022,7,Salı,839326,864506,180035,281544,160017,58702,57891,2150.86,28.4
2022-07-20,2022,7,Çrᗺmba,838950,864119,211661,271263,166769,78691,60892,1469.48,25.4
2022-07-21,2022,7,Perᗾmbe,859611,885399,225825,306400,172188,107638,63084,2492.87,26.4
2022-07-22,2022,7,Cuma,842996,868286,183911,272904,156244,109516,53055,1999.63,28.2
2022-07-23,2022,7,Cumartesi,723418,745120,147199,274563,127210,78084,56345,1938.37,22.7
2022-07-24,2022,7,Pazar,744867,767213,189533,267825,150830,62396,51000,2172.64,25.1
2022-07-25,2022,7,Pazartesi,888114,914758,244714,348524,151101,57811,70748,1599.86,27.5
2022-07-26,2022,7,Salı,868451,894504,211926,322258,169815,80276,67639,2145.46,29
2022-07-27,2022,7,Çrᗺmba,879779,906172,191701,324844,171116,110142,56427,1883.28,23.9
2022-07-28,2022,7,Perᗾmbe,890893,917620,209007,309811,180414,74341,55155,2021.06,30.9
2022-07-29,2022,7,Cuma,867924,893961,189490,300721,157748,99720,56130,2270.46,28.6
2022-07-30,2022,7,Cumartesi,765922,788900,177487,276937,112221,88505,42190,1826.24,20.8
2022-07-31,2022,7,Pazar,759324,782104,166882,275049,141793,80173,32712,2303.52,25.5
2022-08-01,2022,8,Pazartesi,854114,879738,209544,292506,143643,85494,43778,1651.69,23.2
2022-08-02,2022,8,Salı,880909,907336,219607,325683,140838,140127,69138,2305.36,22.3
2022-08-03,2022,8,Çrᗺmba,877792,904126,204733,324628,180896,73833,53415,2000.74,24.1
2022-08-04,2022,8,Perᗾmbe,865441,891404,209371,291255,138660,83053,70506,1628.75,22
2022-08-05,2022,8,Cuma,887293,913912,176139,309980,157496,90332,60344,2128.75,25
2022-08-06,2022,8,Cumartesi,770704,793825,192984,262707,149987,92389,37853,1657.3,19.6
2022-08-07,2022,8,Pazar,755351,778011,157502,251358,158405,68391,45988,1781.05,25.8
2022-08-08,2022,8,Pazartesi,878091,904434,223957,288296,129143,72575,55626,2129.2,27.2
2022-08-09,2022,8,Salı,884537,911073,210112,293203,151808,84701,57841,1917.67,24.9
2022-08-10,2022,8,Çrᗺmba,896502,923397,209959,320198,150959,84244,57553,1677.94,21.9
2022-08-11,2022,8,Perᗾmbe,885571,912138,155959,324882,159942,63351,45896,1567.51,23.2
2022-08-12,2022,8,Cuma,879086,905458,232284,289988,175533,99818,60179,1788.09,22.1
2022-08-13,2022,8,Cumartesi,799160,823134,166280,292908,171305,92052,59631,2406.16,27.7
2022-08-14,2022,8,Pazar,799190,823166,188105,283267,120717,87621,54765,1892.18,26.9
2022-08-15,2022,8,Pazartesi,892381,919152,217755,280955,139617,100647,33916,1745.2,24.2
2022-08-16,2022,8,Salı,881585,908033,217374,316237,153080,79644,63847,1829.7,23.9
2022-08-17,2022,8,Çrᗺmba,911724,939076,192235,314796,181399,95660,53189,2074.29,20.1
2022-08-18,2022,8,Perᗾmbe,931176,959111,194900,321786,149959,96121,51637,2372.16,24.8
2022-08-19,2022,8,Cuma,914702,942143,201663,305747,140834,82588,75617,1744.99,25.5
2022-08-20,2022,8,Cumartesi,791200,814936,133464,263856,122476,93074,64197,1868.82,23.2
2022-08-21,2022,8,Pazar,796729,820631,195656,284149,141597,77829,40408,1987.55,21.9
2022-08-22,2022,8,Pazartesi,924416,952149,243357,335398,169321,122971,69452,1483.65,21.6
2022-08-23,2022,8,Salı,938202,966348,250376,343392,152956,107244,58592,2273.43,24.3
2022-08-24,2022,8,Çrᗺmba,899118,926091,222362,281035,163558,57718,52460,1916.89,26
2022-08-25,2022,8,Perᗾmbe,894687,921528,196996,319702,169282,105844,58329,1719.6,24.6
2022-08-26,2022,8,Cuma,905473,932637,197819,300252,164298,82858,64322,1958.38,20.6
2022-08-27,2022,8,Cumartesi,822091,846753,226613,259253,146596,110272,44207,2012.64,19.9
2022-08-28,2022,8,Pazar,836611,861709,190410,297162,131301,78654,55746,2163.21,21.8
2022-08-29,2022,8,Pazartesi,927126,954939,215190,336901,144225,65169,62489,2394.45,24.2
2022-08-30,2022,8,Salı,929017,956887,213350,317041,151056,102638,50979,1861.03,20.1
2022-08-31,2022,8,Çrᗺmba,911918,939276,203241,311376,133256,68999,43554,2009.31,28.8
2022-09-01,2022,9,Perᗾmbe,923925,951643,228879,348641,151094,104621,60071,2336.94,24.6
2022-09-02,2022,9,Cuma,924378,952109,183261,317956,128243,120994,40106,1997.36,25.5
2022-09-03,2022,9,Cumartesi,840823,866048,235453,282893,123769,86485,52409,2340.41,17.9
2022-09-04,2022,9,Pazar,849952,875450,214741,305833,111367,77571,56744,1809.49,23.3
2022-09-05,2022,9,Pazartesi,917225,944741,239288,316415,142710,95401,57520,2264.39,18.6
2022-09-06,2022,9,Salı,963157,992052,242897,324951,158680,88734,63125,2591.13,23.2
2022-09-07,2022,9,Çrᗺmba,931085,959017,173935,337968,143646,113951,39612,2312.2,20.9
2022-09-08,2022,9,Perᗾmbe,943083,971376,215279,300436,193569,98607,60090,1898.54,20.9
2022-09-09,2022,9,Cuma,934040,962062,174297,328613,168215,97489,60216,2220.03,22.7
2022-09-10,2022,9,Cumartesi,863025,888916,185558,300601,152034,73819,49171,2177.34,20
2022-09-11,2022,9,Pazar,883982,910502,180225,323707,103344,94964,55351,2268.77,17.6
2022-09-12,2022,9,Pazartesi,953267,981865,191699,364126,105041,95917,68785,1973.43,20.2
2022-09-13,2022,9,Salı,950517,979033,211782,329460,137819,90503,45815,2239.5,18.1
2022-09-14,2022,9,Çrᗺmba,960175,988980,221302,335886,185882,125822,61928,2067.35,19.2
2022-09-15,2022,9,Perᗾmbe,983678,1013188,225108,358982,135582,90736,69910,2220.87,19.6
2022-09-16,2022,9,Cuma,976005,1005285,224050,330988,166388,124950,71686,1784.45,19.3
2022-09-17,2022,9,Cumartesi,873835,900050,191184,318254,131426,107572,51717,1625.69,18.3
2022-09-18,2022,9,Pazar,869359,895440,174473,319190,160419,98203,44974,1871.62,21.6
2022-09-19,2022,9,Pazartesi,988027,1017668,215725,332459,157275,70197,42305,1948.39,18
2022-09-20,2022,9,Salı,959523,988309,268101,338004,139323,132524,54246,2155.59,18.7
2022-09-21,2022,9,Çrᗺmba,1006677,1036878,231083,320810,130029,97954,66017,1850.68,17.3
2022-09-22,2022,9,Perᗾmbe,989093,1018766,240156,308180,184732,107629,51716,1656.99,18.8
2022-09-23,2022,9,Cuma,967929,996967,255885,361352,120778,107959,33750,1895.4,19.1
2022-09-24,2022,9,Cumartesi,879911,906308,215162,340822,112519,100133,39219,1462.78,15.4
2022-09-25,2022,9,Pazar,892454,919228,181811,324751,137416,91016,39917,1765.25,19.9
2022-09-26,2022,9,Pazartesi,961641,990490,241634,335371,129294,80522,61802,1992.19,17.9
2022-09-27,2022,9,Salı,993108,1022901,260708,349502,155247,124684,55840,2082.55,14.9
2022-09-28,2022,9,Çrᗺmba,1006278,1036466,241151,319283,140873,142310,53908,2364.53,17.3
2022-09-29,2022,9,Perᗾmbe,1020919,1051547,238705,332104,166976,108420,47275,2181.87,17.7
2022-09-30,2022,9,Cuma,964035,992956,175699,300284,146904,85251,51408,2122.7,17.4
2022-10-01,2022,10,Cumartesi,897099,924012,237166,322194,115416,98451,40922,2192.13,16.1
2022-10-02,2022,10,Pazar,918400,945952,247054,282904,149015,102414,59457,1401.34,18.8
2022-10-03,2022,10,Pazartesi,981839,1011294,224942,322599,172173,102880,42955,1440.42,18.7
2022-10-04,2022,10,Salı,979166,1008541,262375,310213,172725,117421,30418,2172.66,18.9
2022-10-05,2022,10,Çrᗺmba,992921,1022709,196549,343718,194314,85451,35671,1932.31,14.2
2022-10-06,2022,10,Perᗾmbe,998396,1028348,203171,337267,149683,113018,47953,1930.82,20.2
2022-10-07,2022,10,Cuma,981186,1010622,200228,322378,151648,96397,35006,2152.99,13.8
2022-10-08,2022,10,Cumartesi,888316,914965,193017,330994,118388,78512,50744,1720.03,16.3
2022-10-09,2022,10,Pazar,894844,921689,217959,291566,126518,79984,36373,1806.71,15.5
2022-10-10,2022,10,Pazartesi,1016474,1046968,209915,365581,110227,140477,46798,1708.61,16.3
2022-10-11,2022,10,Salı,1011964,1042323,262213,355474,169712,156810,45136,1839.9,11.8
2022-10-12,2022,10,Çrᗺmba,1054058,1085679,256244,367630,134392,92334,45933,1573.81,13.7
2022-10-13,2022,10,Perᗾmbe,1030866,1061792,249822,361188,160401,118240,53855,1937.75,15
2022-10-14,2022,10,Cuma,1008335,1038585,239871,335541,160874,100714,48746,1804.64,16.3
2022-10-15,2022,10,Cumartesi,921297,948936,195648,314325,160124,81887,42558,1818.16,14.1
2022-10-16,2022,10,Pazar,888033,914674,245958,327438,156328,76589,43940,1686.64,16.9
2022-10-17,2022,10,Pazartesi,1004857,1035003,244358,258601,137019,112456,43334,2122.45,14
2022-10-18,2022,10,Salı,1047338,1078758,294238,359520,167854,109186,43472,2663.95,11
2022-10-19,2022,10,Çrᗺmba,1030001,1060901,212491,342421,192591,119515,51033,1745.82,10.3
2022-10-20,2022,10,Perᗾmbe,1054247,1085875,239625,290807,137255,99622,27207,2225.03,15.9
2022-10-21,2022,10,Cuma,1040595,1071813,251492,356218,149936,111994,40568,1413.11,8.7
2022-10-22,2022,10,Cumartesi,928636,956495,224592,320236,156608,124125,30412,2040.81,13.1
2022-10-23,2022,10,Pazar,889142,915817,230087,321290,128963,96885,48478,1719.97,13.3
2022-10-24,2022,10,Pazartesi,1003405,1033507,242727,329677,124375,127281,32629,1883.86,13.5
2022-10-25,2022,10,Salı,1066579,1098576,229845,379875,157410,111039,45538,1937.29,12.9
2022-10-26,2022,10,Çrᗺmba,1004540,1034676,253149,396392,171173,118627,62216,1903.84,10.7
2022-10-27,2022,10,Perᗾmbe,1032446,1063420,243160,327330,214203,100123,37202,1811.54,9.8
2022-10-28,2022,10,Cuma,1029627,1060516,217699,343586,211236,117677,28020,2156.94,9.1
2022-10-29,2022,10,Cumartesi,932325,960295,206763,339564,158722,98131,36199,2040.72,8.2
2022-10-30,2022,10,Pazar,923476,951180,231397,328854,120068,46908,34813,1798.34,10.1
2022-10-31,2022,10,Pazartesi,1067909,1099946,232712,343759,185387,65090,47650,2012.32,9.3
2022-11-01,2022,11,Salı,1035088,1066141,219354,383240,171545,100099,40138,2377.78,14.8
2022-11-02,2022,11,Çrᗺmba,1015406,1045868,256062,390525,173710,99106,37694,1985.03,8.6
2022-11-03,2022,11,Perᗾmbe,1019338,1049918,302921,320968,141288,102503,21689,1948.91,13
2022-11-04,2022,11,Cuma,1042217,1073483,249202,349593,157005,91805,42647,1985.83,8.9
2022-11-05,2022,11,Cumartesi,933005,960995,210787,292420,135762,122749,38897,1907.58,10.2
2022-11-06,2022,11,Pazar,908974,936243,259307,310381,137766,115691,38614,1870.15,9.3
2022-11-07,2022,11,Pazartesi,1049559,1081045,256834,332506,167652,84009,39128,1948.65,7
2022-11-08,2022,11,Salı,1054560,1086197,276855,321207,188111,117677,40108,1970.37,6.2
2022-11-09,2022,11,Çrᗺmba,1050695,1082216,273623,362871,183628,115152,20934,1872.68,9.3
2022-11-10,2022,11,Perᗾmbe,1061061,1092893,234995,388517,148195,144817,47401,2033.33,9.8
2022-11-11,2022,11,Cuma,1049049,1080520,250522,355404,179981,114594,30901,2372.13,8.2
2022-11-12,2022,11,Cumartesi,944314,972644,219235,334987,163110,112369,45829,2438.71,6.6
2022-11-13,2022,11,Pazar,944249,972576,228800,342006,161249,132204,37303,1626.55,12.2
2022-11-14,2022,11,Pazartesi,1034388,1065420,315232,389305,165047,71442,38057,1922.79,11.1
2022-11-15,2022,11,Salı,1054258,1085886,282345,344835,195249,79781,26814,1874.94,7.7
2022-11-16,2022,11,Çrᗺmba,1046223,1077610,240526,363236,179865,128135,38773,1835.54,10.7
2022-11-17,2022,11,Perᗾmbe,1053420,1085023,261738,379107,192702,102938,18550,2373.63,5.8
2022-11-18,2022,11,Cuma,1026448,1057242,234482,330861,208371,112692,39226,2144.48,5.5
2022-11-19,2022,11,Cumartesi,938389,966540,209313,306212,170626,83026,45929,2238.35,10.8
2022-11-20,2022,11,Pazar,937607,965735,246143,316743,172214,102685,53254,2143.79,4.7
2022-11-21,2022,11,Pazartesi,1025251,1056009,259740,304383,177656,90041,32986,2593.2,4.8
2022-11-22,2022,11,Salı,1028825,1059690,214531,374581,194303,95128,40741,2325.29,3.5
2022-11-23,2022,11,Çrᗺmba,1045753,1077126,240264,404081,170181,82098,42268,2725.51,8.4
2022-11-24,2022,11,Perᗾmbe,1036662,1067762,263766,379502,208536,110789,33450,2401.33,8.5
2022-11-25,2022,11,Cuma,1031840,1062795,203154,335770,205578,93052,32696,1566.03,4
2022-11-26,2022,11,Cumartesi,956016,984696,218529,350019,170526,95159,37085,1963.85,5.6
2022-11-27,2022,11,Pazar,966399,995391,247393,346668,179167,129691,28792,2353.36,3.6
2022-11-28,2022,11,Pazartesi,1027567,1058394,236862,351506,213058,49234,31028,2493.45,5.9
2022-11-29,2022,11,Salı,1064298,1096227,253037,368299,212811,135326,22340,1869.14,7.4
2022-11-30,2022,11,Çrᗺmba,1021307,1051946,187050,362925,179263,90356,38750,2028.03,3.5
2022-12-01,2022,12,Perᗾmbe,1053114,1084708,237406,327734,149312,117665,39875,2124.38,4.8
2022-12-02,2022,12,Cuma,1018433,1048986,227288,381417,224839,131951,56200,2151.29,6.5
2022-12-03,2022,12,Cumartesi,935821,963896,255798,309648,156818,93300,27011,2465.18,9.4
2022-12-04,2022,12,Pazar,931190,959125,235819,325387,219904,84582,27709,1629.82,8.2
2022-12-05,2022,12,Pazartesi,1054738,1086380,272483,333446,215029,135644,48374,2098.11,7.2
2022-12-06,2022,12,Salı,1037926,1069064,273008,380461,180426,108118,38276,2227.41,4.9
2022-12-07,2022,12,Çrᗺmba,1040257,1071465,231065,378229,217369,118702,39213,2155.67,6.1
2022-12-08,2022,12,Perᗾmbe,1055047,1086698,206803,357857,216899,132449,34360,1983.41,4
2022-12-09,2022,12,Cuma,1043247,1074545,270002,350446,203782,130100,42134,1977.99,1.8
2022-12-10,2022,12,Cumartesi,944728,973070,266789,325266,155333,118752,43313,1591.54,8.4
2022-12-11,2022,12,Pazar,899166,926141,236561,307753,164199,119657,30897,2020.84,5.4
2022-12-12,2022,12,Pazartesi,1000190,1030195,253064,336516,189953,118887,9344,1922.43,2.6
2022-12-13,2022,12,Salı,1022897,1053584,280878,380166,219725,90474,36526,2151.31,3.6
2022-12-14,2022,12,Çrᗺmba,1048340,1079790,239758,351128,201649,130265,25935,2380.76,7.2
2022-12-15,2022,12,Perᗾmbe,1030292,1061201,222159,344222,190566,94772,19020,2203.2,3.9
2022-12-16,2022,12,Cuma,1040035,1071236,206117,342098,207230,95699,38356,1620.91,2.4
2022-12-17,2022,12,Cumartesi,919387,946969,213956,346690,180210,116895,27056,2162.08,-0.1
2022-12-18,2022,12,Pazar,948387,976838,259559,319416,174822,98887,25040,1931.38,-0.1
2022-12-19,2022,12,Pazartesi,1018256,1048804,228184,366577,208243,97714,22179,2458.7,4.2
2022-12-20,2022,12,Salı,1046671,1078071,269640,331691,211400,128014,31854,2105.78,1.2
2022-12-21,2022,12,Çrᗺmba,1035062,1066114,277430,358726,200633,96311,12599,2261.07,6.9
2022-12-22,2022,12,Perᗾmbe,1026750,1057553,238360,340818,180933,120779,46209,2388.21,2.9
2022-12-23,2022,12,Cuma,972166,1001331,179326,319677,222284,82902,35205,1807.09,3.3
2022-12-24,2022,12,Cumartesi,904189,931315,198808,312913,162085,75474,20952,1797.28,2.9
2022-12-25,2022,12,Pazar,925233,952990,231608,308490,208896,100053,27852,2184.94,6.2
2022-12-26,2022,12,Pazartesi,1000294,1030303,204540,332797,201363,84978,40996,2209.49,2.4
2022-12-27,2022,12,Salı,1017681,1048212,236184,350548,203204,114624,35309,1870.83,6.4
2022-12-28,2022,12,Çrᗺmba,1018086,1048629,223517,367978,233106,97779,29461,2056.78,5
2022-12-29,2022,12,Perᗾmbe,1016199,1046684,241788,374997,185216,100843,26043,1928.76,7.6
2022-12-30,2022,12,Cuma,1034168,1065193,299300,371524,203992,94350,35693,1572.42,3
2022-12-31,2022,12,Cumartesi,904833,931978,216130,313065,197326,103789,19694,1995.31,2.4
2023-01-01,2023,1,Pazar,913162,940557,221807,315535,197443,106476,38934,1894.06,3.6
2023-01-02,2023,1,Pazartesi,1003210,1033306,273792,337197,216841,112808,29923,1687.04,-2
2023-01-03,2023,1,Salı,1005874,1036050,205704,362236,248311,104232,13638,2407.59,3.4
2023-01-04,2023,1,Çrᗺmba,1000536,1030552,247397,385413,212887,113526,34986,2029.67,2.8
2023-01-05,2023,1,Perᗾmbe,1021604,1052253,243684,362513,261967,86510,25628,2056.61,5
2023-01-06,2023,1,Cuma,981538,1010985,239449,325336,223104,93051,11259,2290.27,3.1
2023-01-07,2023,1,Cumartesi,898751,925714,213354,313233,227523,95858,27345,2503.8,9.1
2023-01-08,2023,1,Pazar,911833,939188,178374,335922,208431,87695,29240,1975.01,3.1
2023-01-09,2023,1,Pazartesi,999284,1029262,233487,337207,215377,160028,37805,1370.09,4.7
2023-01-10,2023,1,Salı,968581,997639,257052,317682,218323,131397,28419,2154.92,3.8
2023-01-11,2023,1,Çrᗺmba,958233,986980,209326,336309,243058,76949,34794,2331.4,0.8
2023-01-12,2023,1,Perᗾmbe,990331,1020041,251293,334332,219483,73223,19337,2187.29,4.5
2023-01-13,2023,1,Cuma,989244,1018921,207050,347940,194115,92409,21804,2022.28,4.7
2023-01-14,2023,1,Cumartesi,866628,892627,202548,293093,203285,106462,22706,1466.29,3.5
2023-01-15,2023,1,Pazar,884104,910627,209437,303446,193679,98569,37311,2147.83,1.7
2023-01-16,2023,1,Pazartesi,998004,1027944,203109,365688,204515,77471,38760,2455.48,2.7
2023-01-17,2023,1,Salı,975015,1004266,216936,336417,240271,121721,21193,2203.69,4.9
2023-01-18,2023,1,Çrᗺmba,983508,1013013,249056,327515,226696,104302,30191,1969.17,-2.7
2023-01-19,2023,1,Perᗾmbe,969311,998390,270116,341292,241085,95406,25618,2299.31,5
2023-01-20,2023,1,Cuma,953572,982179,195974,343515,243038,90147,31991,2052.59,4.3
2023-01-21,2023,1,Cumartesi,868827,894891,211633,314745,197246,104198,22542,2582.94,2.7
2023-01-22,2023,1,Pazar,855096,880749,190823,305060,219735,65685,26759,2030.94,0.6
2023-01-23,2023,1,Pazartesi,959760,988553,272173,362936,226238,116305,22957,2099.1,1.4
2023-01-24,2023,1,Salı,938439,966592,191449,335168,246050,78624,9467,2005.29,1.9
2023-01-25,2023,1,Çrᗺmba,956519,985214,220314,357036,245736,64106,34629,2399.72,3.5
2023-01-26,2023,1,Perᗾmbe,950028,978529,222344,346617,244247,79536,20571,2078.45,3.2
2023-01-27,2023,1,Cuma,964722,993664,233344,322897,262809,86885,30889,1831.7,4.7
2023-01-28,2023,1,Cumartesi,855703,881375,230974,313037,227372,125494,27541,2158.03,8.4
2023-01-29,2023,1,Pazar,842636,867915,202914,291254,219064,89633,38180,2122.71,6
2023-01-30,2023,1,Pazartesi,979425,1008808,278053,329456,263702,107662,20153,1600.4,7
2023-01-31,2023,1,Salı,960400,989212,234925,315670,250456,105695,37826,1686.89,5
2023-02-01,2023,2,Çrᗺmba,935251,963309,224797,366452,214436,108653,28576,1886.94,0.4
2023-02-02,2023,2,Perᗾmbe,965443,994407,240189,340864,219259,98105,17507,1724.68,2.4
2023-02-03,2023,2,Cuma,934887,962933,259142,372667,225415,92300,37967,2367.29,0.8
2023-02-04,2023,2,Cumartesi,852726,878308,203702,278263,217497,46889,37891,1782.88,6.1
2023-02-05,2023,2,Pazar,863390,889292,218974,315100,213639,102637,29319,1986.08,7.1
2023-02-06,2023,2,Pazartesi,911197,938533,219064,313962,202229,86122,25878,1526.22,8.3
2023-02-07,2023,2,Salı,944052,972373,220369,317947,281019,97547,46760,1802.65,5.7
2023-02-08,2023,2,Çrᗺmba,949932,978430,204511,327955,250668,87498,25761,1738.64,5
2023-02-09,2023,2,Perᗾmbe,922555,950232,214862,309422,245357,116916,30922,2433.96,7.8
2023-02-10,2023,2,Cuma,936190,964276,221215,354366,267349,76609,32204,1877.12,9.3
2023-02-11,2023,2,Cumartesi,813724,838135,185193,271601,211069,60821,32838,1334.75,3
2023-02-12,2023,2,Pazar,821616,846264,215512,271616,199699,69481,42795,1623.2,6.9
2023-02-13,2023,2,Pazartesi,891978,918737,188143,341716,247740,72896,33857,2341.62,0.9
2023-02-14,2023,2,Salı,889812,916507,228056,310791,203359,124528,46234,2203.83,2.3
2023-02-15,2023,2,Çrᗺmba,927074,954886,194224,326934,284283,85184,44035,2012.77,9.5
2023-02-16,2023,2,Perᗾmbe,937013,965123,224104,306274,256668,120373,29823,2406.47,4.2
2023-02-17,2023,2,Cuma,909088,936361,218815,313464,232322,92812,33295,2203.92,3.5
2023-02-18,2023,2,Cumartesi,809105,833378,208581,262037,217523,89522,26502,2307.29,8.6
2023-02-19,2023,2,Pazar,822898,847585,217442,258844,225013,109321,37797,2285.1,2.2
2023-02-20,2023,2,Pazartesi,877415,903738,176516,308249,253843,98336,44875,2274.6,4.3
2023-02-21,2023,2,Salı,919375,946956,215318,315518,273060,120267,38736,2591.73,5.4
2023-02-22,2023,2,Çrᗺmba,898659,925618,184886,325655,257415,110585,48137,1989.51,10.4
2023-02-23,2023,2,Perᗾmbe,926048,953830,210995,300091,258503,93762,49764,2091.97,1.5
2023-02-24,2023,2,Cuma,897453,924376,178645,290189,221366,92618,32895,1957.01,3
2023-02-25,2023,2,Cumartesi,776837,800143,184047,248702,217879,84050,35906,2202.94,5
2023-02-26,2023,2,Pazar,780673,804094,214201,264087,198927,68498,36476,2267.03,8.7
2023-02-27,2023,2,Pazartesi,891391,918132,220993,292234,255990,102366,40797,2175,8.3
2023-02-28,2023,2,Salı,871614,897762,207116,296023,237463,68587,23091,1829.7,8.1
2023-03-01,2023,3,Çrᗺmba,866108,892092,232713,296628,257904,65153,45297,1988.39,4.7
2023-03-02,2023,3,Perᗾmbe,888308,914957,189972,341827,207682,100709,41774,2386.09,5.6
2023-03-03,2023,3,Cuma,889170,915845,215027,302727,223613,51155,34427,2102.83,8
2023-03-04,2023,3,Cumartesi,762205,785071,162249,277660,198773,93939,29168,2161.45,10.9
2023-03-05,2023,3,Pazar,726617,748415,169059,283061,152282,90070,44540,1795.01,6.6
2023-03-06,2023,3,Pazartesi,890026,916727,176654,314907,277148,102698,27684,1859.11,5.3
2023-03-07,2023,3,Salı,891944,918703,177199,335012,246697,85736,41751,1949.92,5.2
2023-03-08,2023,3,Çrᗺmba,893540,920346,214127,307947,243199,100117,29357,2200.92,4
2023-03-09,2023,3,Perᗾmbe,867825,893860,158825,307171,219575,99630,50247,2115.08,12.2
2023-03-10,2023,3,Cuma,852040,877601,191748,299156,243926,118503,43994,1756.2,8.6
2023-03-11,2023,3,Cumartesi,774042,797263,218989,257199,208531,81967,54853,1537.8,10.3
2023-03-12,2023,3,Pazar,757278,779996,219117,269103,198747,127090,31254,2059.09,11.6
2023-03-13,2023,3,Pazartesi,860152,885956,220915,300442,235958,116324,28938,2482.79,10.7
2023-03-14,2023,3,Salı,847433,872856,174490,315317,235296,99438,56887,1547.24,10.8
2023-03-15,2023,3,Çrᗺmba,840131,865335,232494,264029,223914,71663,56348,1619.85,10.4
2023-03-16,2023,3,Perᗾmbe,865773,891746,212178,274205,244192,105124,53980,1860.76,10.6
2023-03-17,2023,3,Cuma,832616,857595,192469,278409,220193,80077,26002,2642.7,13.1
2023-03-18,2023,3,Cumartesi,745167,767522,167008,249753,202003,61186,25525,2649.77,10.4
2023-03-19,2023,3,Pazar,741596,763844,156772,240187,180716,74780,57127,2176.52,12.4
2023-03-20,2023,3,Pazartesi,856578,882275,188972,308378,241882,68621,52369,2692.62,9.8
2023-03-21,2023,3,Salı,845515,870881,229991,281996,240014,64793,52442,2092.37,14.9
2023-03-22,2023,3,Çrᗺmba,850984,876514,196906,310850,229879,69947,40507,1785.44,11
2023-03-23,2023,3,Perᗾmbe,847972,873411,169520,287837,251282,90677,52833,1654.84,11.5
2023-03-24,2023,3,Cuma,835202,860258,169735,285165,209625,100812,40493,1655.07,15.3
2023-03-25,2023,3,Cumartesi,707365,728586,174208,244930,192490,83375,30823,2140.12,12.4
2023-03-26,2023,3,Pazar,752679,775259,185870,227781,192468,71739,29157,2137.18,10.5
2023-03-27,2023,3,Pazartesi,810492,834806,212664,296541,208908,91044,26300,1943.47,13
2023-03-28,2023,3,Salı,835114,860168,192432,284837,239058,79802,40075,2210.25,13.2
2023-03-29,2023,3,Çrᗺmba,860460,886273,213738,307649,244057,93604,54847,1583.18,11.9
2023-03-30,2023,3,Perᗾmbe,823810,848524,186921,307969,199510,102023,43581,2413.98,13
2023-03-31,2023,3,Cuma,828155,852999,185361,277451,220320,89145,55117,2007.69,12.6
2023-04-01,2023,4,Cumartesi,731955,753913,163970,275829,194334,85265,39503,2136.67,11.1
2023-04-02,2023,4,Pazar,731301,753240,121636,269265,217349,80987,46406,2335.48,15
2023-04-03,2023,4,Pazartesi,828624,853483,173817,284694,218516,58922,38885,1908.4,13.6
2023-04-04,2023,4,Salı,819948,844547,176390,295204,212887,83059,51044,1795.98,12
2023-04-05,2023,4,Çrᗺmba,816239,840726,210256,271632,243685,77493,49180,2125.16,11.5
2023-04-06,2023,4,Perᗾmbe,833525,858531,225070,277138,213656,101110,49966,1777.68,9.2
2023-04-07,2023,4,Cuma,804570,828707,224346,277585,204151,80719,53001,2492.34,19.1
2023-04-08,2023,4,Cumartesi,710024,731325,210016,250928,199170,68955,48741,1894.77,21.5
2023-04-09,2023,4,Pazar,704592,725730,152471,236792,205373,65787,55363,1565.06,14.7
2023-04-10,2023,4,Pazartesi,803441,827544,183025,249231,228562,72391,37412,2517.27,15.1
2023-04-11,2023,4,Salı,801699,825750,208165,259597,220303,80061,55967,2067.24,12.2
2023-04-12,2023,4,Çrᗺmba,842955,868244,185566,306069,240882,74242,47231,1456.53,12
2023-04-13,2023,4,Perᗾmbe,830512,855428,159739,307555,259627,84710,48156,2261.66,17.8
2023-04-14,2023,4,Cuma,814875,839321,194299,287416,225607,61418,28974,1773.88,16.3
2023-04-15,2023,4,Cumartesi,699607,720595,170093,248724,198896,79941,39519,1863.51,16.8
2023-04-16,2023,4,Pazar,699395,720377,138592,245366,193730,63541,37780,2620.03,18.6
2023-04-17,2023,4,Pazartesi,797617,821545,161471,312599,210486,78536,42356,2060.47,18.7
2023-04-18,2023,4,Salı,797991,821931,197798,276378,245145,91563,45610,1909.79,14.3
2023-04-19,2023,4,Çrᗺmba,791640,815389,183088,275174,183867,85190,56840,1655.09,14.7
2023-04-20,2023,4,Perᗾmbe,807965,832204,182772,277438,244866,90066,61410,2005.42,13.2
2023-04-21,2023,4,Cuma,799406,823388,187519,274012,227884,75279,46422,2135.77,20.4
2023-04-22,2023,4,Cumartesi,694352,715183,192479,252649,188705,61700,43106,1881.71,18.6
2023-04-23,2023,4,Pazar,693793,714606,185536,232960,177168,63771,46202,1780.45,16.5
2023-04-24,2023,4,Pazartesi,793419,817221,169919,283830,220409,107063,47723,1409.73,17.3
2023-04-25,2023,4,Salı,822335,847005,206049,273322,239829,76739,47137,1639.69,14.5
2023-04-26,2023,4,Çrᗺmba,788923,812590,189530,282308,221611,81952,47246,2043.11,17.4
2023-04-27,2023,4,Perᗾmbe,773388,796589,207405,267553,190086,90519,47669,2445.95,19.3
2023-04-28,2023,4,Cuma,780984,804414,172412,265199,211132,97308,47879,2284.04,21.1
2023-04-29,2023,4,Cumartesi,658118,677861,176583,255851,160441,60664,43211,2161.22,16.8
2023-04-30,2023,4,Pazar,698634,719593,153793,225709,206923,47359,57070,2347.81,21.6
2023-05-01,2023,5,Pazartesi,796987,820896,182343,292340,200412,82178,59093,1896.05,22.4
2023-05-02,2023,5,Salı,831009,855939,191970,293642,231237,92973,41139,2060.36,19.1
2023-05-03,2023,5,Çrᗺmba,781597,805045,189620,283235,237881,52940,56783,1787.56,25.7
2023-05-04,2023,5,Perᗾmbe,791029,814760,192946,264336,231157,83156,48604,2215.31,17.6
2023-05-05,2023,5,Cuma,810764,835087,208821,285634,247540,73902,58694,2044.68,21.8
2023-05-06,2023,5,Cumartesi,667733,687765,119465,233355,185843,75784,46392,1703.52,19.5
2023-05-07,2023,5,Pazar,663649,683559,196400,217220,185955,62161,42769,2161.69,20
2023-05-08,2023,5,Pazartesi,805387,829549,241999,303362,202429,83714,54714,2173.65,22.4
2023-05-09,2023,5,Salı,762498,785373,165312,276951,215953,59234,56347,2320.43,22.1
2023-05-10,2023,5,Çrᗺmba,795348,819209,191918,264353,225638,87414,53397,2106.39,21.9
2023-05-11,2023,5,Perᗾmbe,797194,821110,172905,270386,204245,74560,47351,1899.41,25.8
2023-05-12,2023,5,Cuma,807495,831720,215813,282002,235630,75137,55213,2250.62,24
2023-05-13,2023,5,Cumartesi,678640,699000,193612,245516,174693,74142,49010,2118.65,21.5
2023-05-14,2023,5,Pazar,697194,718110,165789,247127,147977,72102,46295,2117.64,23.2
2023-05-15,2023,5,Pazartesi,809691,833982,198319,274996,224553,91398,51753,1687.51,26
2023-05-16,2023,5,Salı,786607,810205,190536,243777,199926,113005,43043,2157.71,23
2023-05-17,2023,5,Çrᗺmba,770867,793993,209687,288037,198422,59406,56782,1778.85,21.7
2023-05-18,2023,5,Perᗾmbe,768869,791935,168977,244487,206811,81845,57127,1944.29,23.2
2023-05-19,2023,5,Cuma,806245,830432,164223,272353,194488,73543,44392,1536.26,22.3
2023-05-20,2023,5,Cumartesi,667374,687395,166299,216224,171089,74154,56382,1998.43,23.7
2023-05-21,2023,5,Pazar,697455,718379,152192,215651,175142,79612,33228,1682.92,26.1
2023-05-22,2023,5,Pazartesi,785930,809507,179670,272860,214849,84428,50768,2060.68,19.4
2023-05-23,2023,5,Salı,792295,816064,167107,279422,210243,60673,45802,1896.6,21.2
2023-05-24,2023,5,Çrᗺmba,781953,805411,143568,272340,181082,68043,39090,2240.72,27.7
2023-05-25,2023,5,Perᗾmbe,805202,829358,199658,290024,180401,78745,50960,1680.47,25.5
2023-05-26,2023,5,Cuma,779662,803052,201868,258156,208355,78650,42051,1769.23,22.5
2023-05-27,2023,5,Cumartesi,710746,732068,170724,240192,216292,59863,47671,2587.24,23.5
2023-05-28,2023,5,Pazar,660827,680652,164034,237899,160671,56802,37550,1705.05,22.4
2023-05-29,2023,5,Pazartesi,785045,808596,151481,294366,187795,124714,65059,2263.4,23.8
2023-05-30,2023,5,Salı,802588,826666,174249,278456,207120,70539,58951,2027.22,21.6
2023-05-31,2023,5,Çrᗺmba,763531,786437,194654,274677,182154,65714,64178,1861.25,19.6
2023-06-01,2023,6,Perᗾmbe,753585,776193,198854,260228,192173,97411,53285,2586.33,26.1
2023-06-02,2023,6,Cuma,789006,812677,216531,285082,200027,52704,51497,2173.97,27.9
2023-06-03,2023,6,Cumartesi,698134,719078,157742,265625,178832,101043,45639,1928.42,26.2
2023-06-04,2023,6,Pazar,677183,697498,147397,238677,177751,79111,59227,2222.4,25.5
2023-06-05,2023,6,Pazartesi,800961,824989,186892,282086,200729,74236,53508,2478.73,26.2
2023-06-06,2023,6,Salı,792603,816381,167980,254496,197280,101588,45542,2170.17,25.8
2023-06-07,2023,6,Çrᗺmba,820609,845228,203068,276581,197259,74678,73800,2541.5,22.3
2023-06-08,2023,6,Perᗾmbe,791854,815610,198427,294238,186028,84365,60304,1911.25,25.4
2023-06-09,2023,6,Cuma,778684,802045,162909,266977,208174,73384,59474,1709.06,25.5
2023-06-10,2023,6,Cumartesi,705379,726540,174977,255986,165527,70480,47570,1905.85,24.1
2023-06-11,2023,6,Pazar,688812,709477,153417,261074,195450,80914,45907,2242.75,25.6
2023-06-12,2023,6,Pazartesi,799024,822995,173882,285116,205637,78759,48835,2405.09,24.3
2023-06-13,2023,6,Salı,791822,815576,191231,287557,170778,97845,65476,2025.73,29.4
2023-06-14,2023,6,Çrᗺmba,795990,819869,189065,310062,170815,98440,66585,1985.21,23.7
2023-06-15,2023,6,Perᗾmbe,762404,785276,180436,273484,206871,54895,58471,1048.2,27.4
2023-06-16,2023,6,Cuma,791013,814744,201964,292473,192333,85188,78365,1467.53,25.8
2023-06-17,2023,6,Cumartesi,669274,689352,165563,220581,136963,61227,35040,1826.23,29
2023-06-18,2023,6,Pazar,687556,708183,183140,222205,165032,101000,59255,1583.53,30.6
2023-06-19,2023,6,Pazartesi,803260,827358,213791,302923,169905,95623,65232,1866.98,26.2
2023-06-20,2023,6,Salı,800148,824153,217211,270369,213466,85013,55440,1739.64,26
2023-06-21,2023,6,Çrᗺmba,809076,833349,216251,288070,192746,95001,44751,2185.53,31.6
2023-06-22,2023,6,Perᗾmbe,814309,838738,210065,301312,161136,84032,55575,2217.37,26
2023-06-23,2023,6,Cuma,788415,812067,194008,277666,182029,81909,57203,1923.55,24.1
2023-06-24,2023,6,Cumartesi,685102,705655,147765,250070,134198,64456,51102,2421.29,25.9
2023-06-25,2023,6,Pazar,686548,707145,160200,241168,158860,61271,58215,1962.19,27.6
2023-06-26,2023,6,Pazartesi,818335,842885,214233,310289,168870,83821,59698,2191.96,24.6
2023-06-27,2023,6,Salı,808005,832245,183827,283108,186257,129712,57862,1994.5,27.8
2023-06-28,2023,6,Çrᗺmba,819478,844062,191187,252674,204346,78556,60015,1701.63,23.6
2023-06-29,2023,6,Perᗾmbe,779864,803260,163364,289050,172588,99404,61787,1925.08,27.2
2023-06-30,2023,6,Cuma,820579,845197,213599,287594,168399,87724,64846,1832.79,34.8
2023-07-01,2023,7,Cumartesi,759501,782286,175481,250826,172196,107415,51941,1636.43,27.6
2023-07-02,2023,7,Pazar,698788,719752,163885,233604,148533,75785,55343,1735.58,25.3
2023-07-03,2023,7,Pazartesi,826294,851083,198444,283887,155949,84651,64579,1735.23,27.5
2023-07-04,2023,7,Salı,841394,866635,199218,270798,194011,85972,60186,1595.04,20.5
2023-07-05,2023,7,Çrᗺmba,811609,835957,184397,296091,174862,108705,75454,1826.13,32.3
2023-07-06,2023,7,Perᗾmbe,835772,860845,206042,280018,188743,74736,65536,1969.38,25.6
2023-07-07,2023,7,Cuma,805771,829944,190622,292004,202864,94559,47542,2301.95,24.8
2023-07-08,2023,7,Cumartesi,751340,773880,171969,254856,186026,83996,42028,2397.28,24.8
2023-07-09,2023,7,Pazar,705371,726532,152771,215781,150270,78515,55488,1719.2,26.3
2023-07-10,2023,7,Pazartesi,818436,842989,163874,320711,169651,71337,52210,1887.4,29.4
2023-07-11,2023,7,Salı,846375,871766,231717,298495,149364,80746,42149,2091.94,31.5
2023-07-12,2023,7,Çrᗺmba,836674,861775,194237,297919,202223,102189,61420,2287.23,25.5
2023-07-13,2023,7,Perᗾmbe,853270,878868,235852,323878,170870,72504,59397,2173.32,26
2023-07-14,2023,7,Cuma,864503,890438,175090,283166,152253,109824,59471,2310.22,23.6
2023-07-15,2023,7,Cumartesi,734947,756995,171475,294343,150247,50256,53075,2218.52,23.6
2023-07-16,2023,7,Pazar,730691,752612,198495,245124,135482,97035,45898,2316.34,28.3
2023-07-17,2023,7,Pazartesi,854990,880640,221341,328716,174180,103330,55236,2240.02,18.6
2023-07-18,2023,7,Salı,854964,880612,208332,314044,155344,88722,52830,2113.84,24.8
2023-07-19,2023,7,Çrᗺmba,869827,895922,205752,301950,203033,61553,42706,1946.18,26.2
2023-07-20,2023,7,Perᗾmbe,860060,885862,256400,312488,209362,101115,43496,2199.39,26.7
2023-07-21,2023,7,Cuma,865046,890998,220800,323792,142765,86805,65155,2010.58,29.3
2023-07-22,2023,7,Cumartesi,757917,780655,163443,234109,157944,73614,55119,1955.27,26.5
2023-07-23,2023,7,Pazar,739132,761306,175662,242286,138162,66538,55683,1703.39,28.1
2023-07-24,2023,7,Pazartesi,861279,887118,220226,303321,177708,92840,68906,1863.62,25.2
2023-07-25,2023,7,Salı,869333,895413,239558,302495,186016,141209,68367,2262.6,29.5
2023-07-26,2023,7,Çrᗺmba,866169,892154,229384,333226,172338,57053,68512,2348.38,27.9
2023-07-27,2023,7,Perᗾmbe,828593,853451,225556,273162,152161,99990,46140,1878.67,23.5
2023-07-28,2023,7,Cuma,853585,879192,188181,332470,137107,27873,61853,1987.23,31
2023-07-29,2023,7,Cumartesi,771698,794849,207690,261969,137952,67533,47695,1964.91,25.5
2023-07-30,2023,7,Pazar,791001,814731,169531,265751,152874,102265,60927,2008.51,27.1
2023-07-31,2023,7,Pazartesi,900351,927361,210171,290660,129217,59184,63685,2210.25,23.7
2023-08-01,2023,8,Salı,888335,914985,237345,314079,163612,93155,61939,1620.51,28.7
2023-08-02,2023,8,Çrᗺmba,898257,925204,221529,297112,147207,86812,48486,2427.59,29.9
2023-08-03,2023,8,Perᗾmbe,899338,926318,228167,342835,154758,105363,68254,1912.07,27.5
2023-08-04,2023,8,Cuma,859766,885559,182226,289599,163568,92889,47148,2414.46,24.6
2023-08-05,2023,8,Cumartesi,784711,808252,185125,296721,120476,110943,52164,2163.98,24.8
2023-08-06,2023,8,Pazar,796882,820789,217472,265914,149706,60117,48372,1881.43,26.8
2023-08-07,2023,8,Pazartesi,882056,908518,208363,298213,149414,87485,71484,2504.61,26.4
2023-08-08,2023,8,Salı,857292,883010,196163,315989,131135,115020,55608,2059.32,29.6
2023-08-09,2023,8,Çrᗺmba,918955,946523,247388,332601,154946,67828,49679,2094.68,28.7
2023-08-10,2023,8,Perᗾmbe,902720,929802,209015,353932,167869,99416,61054,2233.27,26.2
2023-08-11,2023,8,Cuma,911486,938831,241559,302377,152680,81536,44291,1396.28,22.9
2023-08-12,2023,8,Cumartesi,822294,846963,174593,304686,161802,85443,44507,2122.63,22.9
2023-08-13,2023,8,Pazar,770140,793245,178487,278740,123475,82506,42892,2219.85,27.6
2023-08-14,2023,8,Pazartesi,885969,912548,222367,335427,101507,97301,59606,2156.3,24
2023-08-15,2023,8,Salı,913603,941012,200462,287652,180841,80975,62076,2026.97,21.5
2023-08-16,2023,8,Çrᗺmba,913955,941374,177814,344456,188110,93230,56895,2246.67,25.5
2023-08-17,2023,8,Perᗾmbe,909632,936921,272108,331919,139405,106420,53219,1951.23,23.1
2023-08-18,2023,8,Cuma,915469,942933,213054,300064,114015,84248,62835,1802.09,22.3
2023-08-19,2023,8,Cumartesi,825218,849975,218274,291742,152997,57927,64388,1708.82,28
2023-08-20,2023,8,Pazar,809169,833444,180045,281895,157350,72073,65528,1869.92,24
2023-08-21,2023,8,Pazartesi,946630,975029,207073,303632,164009,78554,66925,1806.36,23.3
2023-08-22,2023,8,Salı,923200,950896,239937,331216,170984,95182,68583,2248.46,23.3
2023-08-23,2023,8,Çrᗺmba,913291,940690,217076,304722,151929,91922,55677,2083.47,19.6
2023-08-24,2023,8,Perᗾmbe,966577,995575,213644,321701,192721,100525,63236,1780.03,24.9
2023-08-25,2023,8,Cuma,916237,943724,212860,321833,119038,81242,60499,1681.01,18.9
2023-08-26,2023,8,Cumartesi,834316,859346,230417,276256,154259,90077,48159,2128.89,24.1
2023-08-27,2023,8,Pazar,860293,886102,209514,303204,149630,56380,74645,1752.31,26.3
2023-08-28,2023,8,Pazartesi,929208,957085,287766,317215,137128,95474,36820,2100.24,25.3
2023-08-29,2023,8,Salı,939277,967455,174638,335928,167441,94436,50758,1998.52,16.6
2023-08-30,2023,8,Çrᗺmba,937930,966068,272994,302514,139917,85083,50957,2115.89,27.5
2023-08-31,2023,8,Perᗾmbe,961290,990129,245570,341305,163032,116531,61836,2080.31,16.5
2023-09-01,2023,9,Cuma,932678,960658,248319,327893,169092,80564,63424,2024.36,19.3
2023-09-02,2023,9,Cumartesi,830206,855113,189872,295114,142502,107216,35232,2372.04,26.9
2023-09-03,2023,9,Pazar,831569,856516,250952,294631,133234,69019,45834,1876.98,23
2023-09-04,2023,9,Pazartesi,955514,984179,254760,293971,164447,104811,52239,2518.57,22.6
2023-09-05,2023,9,Salı,985623,1015191,245150,338665,197847,65849,62533,1872.32,23.6
2023-09-06,2023,9,Çrᗺmba,946472,974866,221063,370934,173870,116476,70690,2164.69,17.5
2023-09-07,2023,9,Perᗾmbe,974526,1003762,254451,364866,203121,74426,59688,2107.23,15.7
2023-09-08,2023,9,Cuma,989771,1019464,228613,362841,147165,90844,35954,2338.97,19.3
2023-09-09,2023,9,Cumartesi,855597,881264,205104,276057,149155,57228,54126,2137.46,21
2023-09-10,2023,9,Pazar,859996,885796,193416,313775,136804,87904,54547,2203.49,23.5
2023-09-11,2023,9,Pazartesi,969691,998782,238537,326692,165660,81867,49647,2320.9,18.9
2023-09-12,2023,9,Salı,982926,1012414,270729,334993,140599,108146,40398,1996.58,16.8
2023-09-13,2023,9,Çrᗺmba,999983,1029982,211997,330205,154440,130314,54820,2543.4,16.8
2023-09-14,2023,9,Perᗾmbe,970529,999644,226583,333924,134805,103901,58901,1942.62,18.4
2023-09-15,2023,9,Cuma,978414,1007766,243361,331429,165085,87158,42338,2039.97,21.5
2023-09-16,2023,9,Cumartesi,896526,923422,216209,333554,130608,83595,47020,2136.09,15.6
2023-09-17,2023,9,Pazar,868781,894844,196973,296800,154240,75804,44769,1834.6,18.7
2023-09-18,2023,9,Pazartesi,979024,1008394,211408,369568,147740,109419,35935,2210.61,21.6
2023-09-19,2023,9,Salı,1006686,1036887,203339,354239,181713,119505,43018,1934.98,22.7
2023-09-20,2023,9,Çrᗺmba,990429,1020142,238622,342547,150376,108696,52604,2037.11,15.2
2023-09-21,2023,9,Perᗾmbe,999603,1029591,217705,349812,142383,116153,50670,1830.43,23.1
2023-09-22,2023,9,Cuma,982521,1011997,211896,347902,137368,127403,55878,1872.21,18.2
2023-09-23,2023,9,Cumartesi,889329,916009,167617,299221,155350,84767,54883,1878.06,19.7
2023-09-24,2023,9,Pazar,896991,923901,188617,305050,104626,102022,31907,1990.48,15
2023-09-25,2023,9,Pazartesi,1026298,1057087,271941,362777,153632,128181,54758,1753.9,17.3
2023-09-26,2023,9,Salı,1020278,1050886,240453,355028,139006,131766,49385,1999.9,24.1
2023-09-27,2023,9,Çrᗺmba,1007882,1038118,262300,327569,132601,107143,59331,1950.63,18.1
2023-09-28,2023,9,Perᗾmbe,986709,1016310,275944,307778,152809,88762,54278,2063.95,16.2
2023-09-29,2023,9,Cuma,1018271,1048819,230834,397957,148348,104626,59318,1637.05,18.5
2023-09-30,2023,9,Cumartesi,925466,953230,203838,315905,135675,91298,34507,1947.56,17.7
2023-10-01,2023,10,Pazar,900258,927266,260758,308651,154925,90875,46688,1869.96,17.1
2023-10-02,2023,10,Pazartesi,1032688,1063668,274963,367176,132585,116123,53754,2637.88,17.7
2023-10-03,2023,10,Salı,1010968,1041297,227074,342725,137456,88187,49023,2221.32,20.6
2023-10-04,2023,10,Çrᗺmba,1013014,1043405,256291,335624,173463,106787,50918,1850.34,14.3
2023-10-05,2023,10,Perᗾmbe,991553,1021299,226505,368756,131667,85715,57278,2160.14,14.1
2023-10-06,2023,10,Cuma,1046586,1077983,261438,380965,154373,119221,53483,1872.4,15.3
2023-10-07,2023,10,Cumartesi,911446,938790,211202,327899,142065,106346,34413,2411.62,11.8
2023-10-08,2023,10,Pazar,905709,932880,149819,314255,130407,119966,34409,1763.61,12.5
2023-10-09,2023,10,Pazartesi,1043694,1075005,220522,362598,184563,82989,62184,2008.88,14.7
2023-10-10,2023,10,Salı,1012467,1042841,204455,353357,140095,82183,45011,2211.96,11.6
2023-10-11,2023,10,Çrᗺmba,1020007,1050607,214375,336633,134392,161144,66809,2201.81,14.7
2023-10-12,2023,10,Perᗾmbe,1051656,1083205,253485,374592,145149,76412,46444,1998.42,18.6
2023-10-13,2023,10,Cuma,1041231,1072468,271827,373982,149452,109392,30282,2511.62,14.8
2023-10-14,2023,10,Cumartesi,910926,938254,237623,307226,154480,86533,57037,2286,14.1
2023-10-15,2023,10,Pazar,920569,948186,179600,289005,161150,98151,29123,2087.07,12.9
2023-10-16,2023,10,Pazartesi,1062452,1094325,219706,363649,164187,96317,43280,1958.07,11.8
2023-10-17,2023,10,Salı,1043473,1074777,225643,368275,152334,98401,23227,1555.16,13.7
2023-10-18,2023,10,Çrᗺmba,1021408,1052050,258898,351094,199140,132477,44222,2188.85,14
2023-10-19,2023,10,Perᗾmbe,1040702,1071923,270254,372369,137143,121526,25415,2103.97,15.3
2023-10-20,2023,10,Cuma,1047202,1078618,215289,376121,181378,113730,33674,2093.01,14.6
2023-10-21,2023,10,Cumartesi,934301,962330,190940,369623,113901,87838,23721,2274.47,13.1
2023-10-22,2023,10,Pazar,948771,977234,253522,325272,124006,85342,47305,2206.04,13.2
2023-10-23,2023,10,Pazartesi,1078943,1111311,281680,375831,166031,135111,54156,2452.83,19.2
2023-10-24,2023,10,Salı,1044051,1075372,219513,324998,163669,102708,53315,1922.35,7.7
2023-10-25,2023,10,Çrᗺmba,1028578,1059435,236017,387860,202194,119885,64572,1535.97,16.6
2023-10-26,2023,10,Perᗾmbe,1043400,1074702,279444,378522,164606,116602,40675,2370.84,11.2
2023-10-27,2023,10,Cuma,1059699,1091490,240839,371819,179856,101228,36833,2198.44,8.7
2023-10-28,2023,10,Cumartesi,958564,987321,240870,367521,160207,70054,35617,2136.2,11.3
2023-10-29,2023,10,Pazar,932179,960144,208259,326684,135067,78962,27319,1699.23,11.4
2023-10-30,2023,10,Pazartesi,1070898,1103025,255020,344202,148662,101763,50484,1950.11,5.9
2023-10-31,2023,10,Salı,1047394,1078815,303950,386891,204328,137880,55297,2211.65,7.7
2023-11-01,2023,11,Çrᗺmba,1063976,1095896,247483,373451,203199,98769,57250,2377.33,8
2023-11-02,2023,11,Perᗾmbe,1052699,1084280,276749,394165,144780,158780,50978,1621.07,10.3
2023-11-03,2023,11,Cuma,1061361,1093202,262975,360598,178785,130743,55117,2181.97,8.8
2023-11-04,2023,11,Cumartesi,918359,945910,205843,316279,185723,101804,34025,2131.76,7.9
2023-11-05,2023,11,Pazar,928281,956129,251669,307692,130822,110157,49319,1393.05,11.5
2023-11-06,2023,11,Pazartesi,1040781,1072004,198892,366883,200296,110220,27105,2120.32,10.5
2023-11-07,2023,11,Salı,1064741,1096683,253650,383133,170490,107838,46129,2457.19,8.8
2023-11-08,2023,11,Çrᗺmba,1043612,1074920,292263,362038,194083,79548,40512,2186.68,13.4
2023-11-09,2023,11,Perᗾmbe,1040174,1071379,276536,376275,165301,115234,38945,2377.96,11.9
2023-11-10,2023,11,Cuma,1045934,1077312,282495,368963,228760,79617,60529,1882.98,8.4
2023-11-11,2023,11,Cumartesi,953274,981872,215706,345999,126546,104597,36299,1991.81,6.1
2023-11-12,2023,11,Pazar,943031,971322,205700,313624,178614,102376,44330,2129,11.4
2023-11-13,2023,11,Pazartesi,1046462,1077855,231695,359250,182990,109801,24485,1985.26,11.1
2023-11-14,2023,11,Salı,1096017,1128898,283305,404175,202218,109810,44555,2250.33,4.1
2023-11-15,2023,11,Çrᗺmba,1053601,1085209,224762,347927,194956,123931,22187,1704.25,6.9
2023-11-16,2023,11,Perᗾmbe,1062182,1094047,193277,382278,198550,83903,25152,2140.35,5.8
2023-11-17,2023,11,Cuma,1053249,1084847,236721,350949,168878,112567,31385,2032.17,5.3
2023-11-18,2023,11,Cumartesi,975765,1005038,290627,357359,184759,52536,45261,2149.26,4.8
2023-11-19,2023,11,Pazar,973188,1002383,266406,376355,138419,99745,22418,1954.06,5.1
2023-11-20,2023,11,Pazartesi,1093902,1126719,300183,406290,216045,140039,45544,1927.81,9.9
2023-11-21,2023,11,Salı,1059468,1091252,287349,376317,163410,132331,26926,2069.96,9.1
2023-11-22,2023,11,Çrᗺmba,1086031,1118612,260741,418479,232836,97380,24252,2174.37,6.4
2023-11-23,2023,11,Perᗾmbe,1077183,1109498,258718,366555,223488,117057,23380,2161.29,5.1
2023-11-24,2023,11,Cuma,1048967,1080436,268384,404023,199589,61362,39749,2379.66,6.2
2023-11-25,2023,11,Cumartesi,932625,960603,215238,327707,162056,66813,22978,1875.32,5
2023-11-26,2023,11,Pazar,948485,976939,180220,296559,158782,87447,14998,2617.57,6.9
2023-11-27,2023,11,Pazartesi,1063976,1095895,269608,369747,192391,138739,20897,2154.46,7.2
2023-11-28,2023,11,Salı,1074825,1107070,233973,414634,183410,116430,29885,2180.61,3.5
2023-11-29,2023,11,Çrᗺmba,1040850,1072075,240877,371790,181408,90246,32910,2101.75,3.4
2023-11-30,2023,11,Perᗾmbe,1075869,1108145,252235,385381,213771,131807,40706,2018.76,6.2
2023-12-01,2023,12,Cuma,1042238,1073505,258334,411766,189195,77017,61659,1577.14,5.1
2023-12-02,2023,12,Cumartesi,940012,968213,230390,328337,175385,123066,38598,1862.91,4.5
2023-12-03,2023,12,Pazar,946732,975134,239161,320011,173034,106376,39775,2357.36,1.9
2023-12-04,2023,12,Pazartesi,1064058,1095980,196153,336985,204494,141578,38818,2133.17,8.3
2023-12-05,2023,12,Salı,1065136,1097090,240314,388522,201214,109678,43717,2286.73,0.8
2023-12-06,2023,12,Çrᗺmba,1063556,1095463,256740,399591,159388,98072,48038,2116.59,3.8
2023-12-07,2023,12,Perᗾmbe,1058136,1089880,252801,382260,208241,71039,20016,2220.55,9.2
2023-12-08,2023,12,Cuma,1042174,1073439,231758,374374,215006,87470,11051,2258.39,0.2
2023-12-09,2023,12,Cumartesi,936213,964300,242976,308841,170739,94312,21765,2358.16,4.7
2023-12-10,2023,12,Pazar,930044,957946,235542,331569,172609,107550,18010,2370.56,6.9
2023-12-11,2023,12,Pazartesi,1035624,1066693,245875,334740,186745,83909,27958,2204.6,6
2023-12-12,2023,12,Salı,1040785,1072009,216581,365621,218426,149505,44446,2534.3,7.9
2023-12-13,2023,12,Çrᗺmba,1028425,1059278,258907,384774,193228,94522,11830,2257.46,1.7
2023-12-14,2023,12,Perᗾmbe,1033337,1064337,217446,344428,201205,113848,10490,2166.42,5
2023-12-15,2023,12,Cuma,1029783,1060676,249402,349899,200720,77309,19554,1758.66,1.2
2023-12-16,2023,12,Cumartesi,952361,980932,187389,338181,130961,119306,49300,1521.42,4.8
2023-12-17,2023,12,Pazar,949687,978178,207418,342552,189989,121940,20586,2591.79,5.3
2023-12-18,2023,12,Pazartesi,1062469,1094343,273964,405776,195170,112564,47687,1910.5,3.5
2023-12-19,2023,12,Salı,1045281,1076639,299587,372192,161651,104320,22289,1765.33,5.9
2023-12-20,2023,12,Çrᗺmba,1079409,1111792,261831,384786,231204,72241,44719,1522.58,5.4
2023-12-21,2023,12,Perᗾmbe,1053880,1085497,208676,368003,236768,95796,13504,1842.14,1.8
2023-12-22,2023,12,Cuma,1072858,1105043,331918,351297,214289,149934,38945,1868.42,1.8
2023-12-23,2023,12,Cumartesi,950196,978702,203537,355608,177753,62484,18609,1904.06,5.9
2023-12-24,2023,12,Pazar,899843,926838,269803,281736,197723,99290,32029,2281.79,-3.3
2023-12-25,2023,12,Pazartesi,1020412,1051024,220909,347476,238530,77740,28311,2061.14,2.8
2023-12-26,2023,12,Salı,1052685,1084265,315161,344845,223985,101878,10002,2084.68,5.9
2023-12-27,2023,12,Çrᗺmba,999707,1029699,198994,387902,227982,73879,33709,2107.69,2.7
2023-12-28,2023,12,Perᗾmbe,1059122,1090896,221372,373352,227996,93760,32052,1981.88,7.9
2023-12-29,2023,12,Cuma,1012782,1043165,259333,344713,214338,102339,34481,2179.8,1.1
2023-12-30,2023,12,Cumartesi,977869,1007205,238464,331303,204883,101039,40348,2182.85,5.8
2023-12-31,2023,12,Pazar,936508,964603,159264,348987,202524,89196,46466,2087.65,6.5
2024-01-01,2024,1,Pazartesi,1033139,1064133,222548,343671,250018,86480,41024,2340.7,6.4
2024-01-02,2024,1,Salı,1058285,1090034,208847,378913,220650,170285,21417,2003.83,6
2024-01-03,2024,1,Çrᗺmba,1003400,1033502,175284,383938,194028,106040,25305,2387.25,0.4
2024-01-04,2024,1,Perᗾmbe,1027829,1058664,268617,342454,241595,104149,21005,2264.45,-0.2
2024-01-05,2024,1,Cuma,1042145,1073409,256215,362200,207763,103655,45501,2273.37,-2
2024-01-06,2024,1,Cumartesi,901941,928999,157970,317945,188487,144682,41373,2337.65,-0.6
2024-01-07,2024,1,Pazar,912181,939547,236293,338538,215471,82703,42542,2347.67,3.9
2024-01-08,2024,1,Pazartesi,1008553,1038809,231436,385366,236743,144445,40154,2167.29,2.3
2024-01-09,2024,1,Salı,996192,1026077,217579,317130,237359,112391,23061,1694.06,5.9
2024-01-10,2024,1,Çrᗺmba,1030553,1061470,202175,355462,239315,77649,28221,1996.78,7.7
2024-01-11,2024,1,Perᗾmbe,988994,1018664,218165,311664,238850,95326,20105,2442.56,-2.3
2024-01-12,2024,1,Cuma,1010022,1040323,261087,357878,233373,99896,32532,2345.85,3
2024-01-13,2024,1,Cumartesi,937723,965855,208632,294389,213015,116910,33001,2093.82,-0.6
2024-01-14,2024,1,Pazar,925813,953588,276661,324240,220042,110868,30566,2521.17,3.3
2024-01-15,2024,1,Pazartesi,1020990,1051620,239448,368893,202353,102297,40102,2268.78,-0.2
2024-01-16,2024,1,Salı,995839,1025714,217157,368694,226069,104963,12599,2158.34,2.8
2024-01-17,2024,1,Çrᗺmba,1001360,1031400,257059,379978,236494,131242,30361,2310.93,2
2024-01-18,2024,1,Perᗾmbe,983389,1012891,243556,374377,224862,85422,25070,2137.21,7.2
2024-01-19,2024,1,Cuma,979614,1009003,216056,322824,209754,113536,38463,2188.19,-1
2024-01-20,2024,1,Cumartesi,883168,909663,199578,328298,164759,84264,23162,2010.56,8.3
2024-01-21,2024,1,Pazar,902002,929062,235999,330817,253567,90013,37467,1951.54,2.8
2024-01-22,2024,1,Pazartesi,965285,994244,192155,349842,209292,86769,38408,1794.03,0.6
2024-01-23,2024,1,Salı,982425,1011898,226429,403003,263947,86859,45739,2358.56,6
2024-01-24,2024,1,Çrᗺmba,969698,998789,228949,323291,269099,80946,44500,2428.38,0.9
2024-01-25,2024,1,Perᗾmbe,975238,1004495,219090,319524,240788,85137,48972,2276.39,3.7
2024-01-26,2024,1,Cuma,977655,1006984,226739,330102,213432,134551,50719,2209.14,3.8
2024-01-27,2024,1,Cumartesi,848856,874322,186118,292809,208280,98647,37780,1954.79,7.2
2024-01-28,2024,1,Pazar,886529,913125,230361,329686,217302,84594,50080,2172.39,6.2
2024-01-29,2024,1,Pazartesi,979417,1008799,254570,357068,273846,95358,44688,1812.32,4.3
2024-01-30,2024,1,Salı,958400,987152,224063,343686,203094,126306,38258,2105.24,0
2024-01-31,2024,1,Çrᗺmba,954736,983378,222857,351813,256678,93954,27340,2259.05,0.5
2024-02-01,2024,2,Perᗾmbe,948549,977005,251624,372972,221139,89127,41871,1896.2,2.4
2024-02-02,2024,2,Cuma,962694,991575,237140,293140,242093,104544,37889,1913.53,4.5
2024-02-03,2024,2,Cumartesi,866379,892370,171478,296200,207427,77551,43101,2282.69,7.4
2024-02-04,2024,2,Pazar,866976,892985,204970,314173,221810,68803,50493,2138.67,5.3
2024-02-05,2024,2,Pazartesi,938295,966443,196542,346196,226702,63846,39588,2352.19,7.5
2024-02-06,2024,2,Salı,924771,952514,179123,324291,220641,101384,35571,2506.3,0.4
2024-02-07,2024,2,Çrᗺmba,935734,963806,226041,369264,267130,111883,34000,2365.85,9.7
2024-02-08,2024,2,Perᗾmbe,961685,990536,236284,362613,235621,67254,31659,2181.22,6.5
2024-02-09,2024,2,Cuma,953801,982415,225807,328176,207049,82173,39550,2334.82,2.9
2024-02-10,2024,2,Cumartesi,855221,880878,218668,297269,218965,61540,30741,2646.61,5.7
2024-02-11,2024,2,Pazar,825475,850240,186447,304577,193904,77405,39299,1991.76,6.2
2024-02-12,2024,2,Pazartesi,917192,944708,231424,316505,255501,128110,20082,2588.85,4.8
2024-02-13,2024,2,Salı,971525,1000671,221482,323414,246020,95942,39463,2090.02,5.2
2024-02-14,2024,2,Çrᗺmba,918654,946213,210381,304249,258717,94154,46780,2066.75,10.7
2024-02-15,2024,2,Perᗾmbe,941410,969652,237522,352274,226689,91257,48916,1888.47,6.5
2024-02-16,2024,2,Cuma,953159,981754,242416,304350,214515,57866,43322,2132.81,6.6
2024-02-17,2024,2,Cumartesi,825991,850771,192204,296211,247539,114333,8800,2233.85,8.7
2024-02-18,2024,2,Pazar,821006,845636,181890,256169,218342,73508,29319,2975.95,4.8
2024-02-19,2024,2,Pazartesi,959722,988514,196302,302704,228841,65845,53385,2193.16,5.4
2024-02-20,2024,2,Salı,923810,951524,227458,349593,234877,130098,39079,2219.39,6.2
2024-02-21,2024,2,Çrᗺmba,902592,929670,225236,303749,245679,54282,33378,2039.03,7.3
2024-02-22,2024,2,Perᗾmbe,948460,976914,220286,317761,225412,103323,38739,2415.81,6.1
2024-02-23,2024,2,Cuma,929912,957809,226592,267738,195125,122267,33943,1891.81,8.8
2024-02-24,2024,2,Cumartesi,834793,859837,263317,306040,213080,92954,50423,2111.17,4.6
2024-02-25,2024,2,Pazar,812562,836938,209747,275431,219684,79832,41651,1699.58,5.7
2024-02-26,2024,2,Pazartesi,894547,921383,194209,311171,282507,91652,50628,1628.39,7.7
2024-02-27,2024,2,Salı,932743,960726,223261,323121,244649,128400,44717,2426.66,7.1
2024-02-28,2024,2,Çrᗺmba,903013,930103,217541,297166,275415,88178,53935,2564.22,4.9
2024-02-29,2024,2,Perᗾmbe,931285,959223,218250,328147,253835,108108,60600,2357.29,7.3
2024-03-01,2024,3,Cuma,908126,935369,215310,300853,269030,92576,22653,2235.64,3.9
2024-03-02,2024,3,Cumartesi,813434,837837,213800,295623,237980,93335,27182,2122.88,8
2024-03-03,2024,3,Pazar,785417,808979,165255,235169,224342,90252,34974,1966.52,10.6
2024-03-04,2024,3,Pazartesi,880282,906690,201744,313155,218536,104288,50240,1863.09,8.6
2024-03-05,2024,3,Salı,870438,896551,208458,322241,252359,90580,37881,2228.36,7.1
2024-03-06,2024,3,Çrᗺmba,881926,908384,176284,307887,238336,69727,32797,2217.93,11.2
2024-03-07,2024,3,Perᗾmbe,915769,943242,224316,309706,257113,122839,43120,2241.48,9
2024-03-08,2024,3,Cuma,902176,929241,192015,312448,241118,109110,40300,2197.9,5.1
2024-03-09,2024,3,Cumartesi,785577,809144,191574,273650,191182,82223,49969,2220.34,8.2
2024-03-10,2024,3,Pazar,786013,809593,225132,270401,228501,83902,44345,2117.52,10.7
2024-03-11,2024,3,Pazartesi,876696,902997,239348,296683,252924,109875,43955,1846.09,6.9
2024-03-12,2024,3,Salı,905326,932486,171380,310329,221008,75836,26470,2530.16,12.1
2024-03-13,2024,3,Çrᗺmba,864353,890284,219654,280093,233402,68435,47241,2161.84,7.2
2024-03-14,2024,3,Perᗾmbe,876136,902420,204963,294361,241381,103483,64422,2151.25,10.4
2024-03-15,2024,3,Cuma,860366,886177,201534,292057,233036,97684,38756,2482.93,10.5
2024-03-16,2024,3,Cumartesi,756057,778739,187979,263926,199538,80697,41728,1745.49,9.5
2024-03-17,2024,3,Pazar,742220,764486,202389,265884,194672,102152,35790,2086.2,9.5
2024-03-18,2024,3,Pazartesi,879428,905811,188151,315959,259947,126657,44212,1831.87,8.7
2024-03-19,2024,3,Salı,885464,912028,220530,297336,223136,91972,59182,2015.07,9.2
2024-03-20,2024,3,Çrᗺmba,834506,859541,213690,279615,205062,61567,31635,2252.4,9.4
2024-03-21,2024,3,Perᗾmbe,835464,860528,149355,333218,200834,110273,41128,1355.29,10.9
2024-03-22,2024,3,Cuma,847986,873426,216870,354934,228157,82064,40446,2166.13,11.3
2024-03-23,2024,3,Cumartesi,719551,741138,143822,252684,183161,69469,36739,2209.62,16.2
2024-03-24,2024,3,Pazar,769196,792272,164239,268251,207047,67274,43589,1958.87,13.3
2024-03-25,2024,3,Pazartesi,872399,898571,173480,300557,182395,68924,56881,1929.48,13.3
2024-03-26,2024,3,Salı,850183,875688,201378,346750,236398,100769,50034,2388.62,13.5
2024-03-27,2024,3,Çrᗺmba,847075,872487,229576,304977,233840,100273,55312,2240.89,11.3
2024-03-28,2024,3,Perᗾmbe,845726,871098,208162,289213,232968,96042,47057,1902.14,14.1
2024-03-29,2024,3,Cuma,831765,856718,159473,285804,209066,72973,51382,2537.21,19.1
2024-03-30,2024,3,Cumartesi,721358,742999,133017,249210,207319,55482,36038,2458.76,13.6
2024-03-31,2024,3,Pazar,741704,763955,159793,275693,215380,57265,30128,2017.56,13.1
2024-04-01,2024,4,Pazartesi,833596,858604,191828,281016,251618,62590,45229,1813.64,12.6
2024-04-02,2024,4,Salı,833819,858834,177691,304314,233831,85623,37436,2394.19,11.2
2024-04-03,2024,4,Çrᗺmba,847869,873305,206393,293335,238345,116384,49961,2403.67,14.7
2024-04-04,2024,4,Perᗾmbe,861112,886945,214566,303491,237778,71950,51669,2264.03,15.2
2024-04-05,2024,4,Cuma,809657,833947,201044,260481,209500,111202,26933,2493.84,17.8
2024-04-06,2024,4,Cumartesi,724271,745999,171918,256569,184613,89150,48358,1631.2,18.3
2024-04-07,2024,4,Pazar,717552,739078,155805,248922,162644,58430,34786,2433.05,13.1
2024-04-08,2024,4,Pazartesi,856929,882637,184572,306068,232643,83888,53385,2180.32,14.3
2024-04-09,2024,4,Salı,820461,845075,199507,247330,235122,102370,31438,2148.82,16.9
2024-04-10,2024,4,Çrᗺmba,814480,838914,186544,313614,245238,80936,55855,2171.6,16.1
2024-04-11,2024,4,Perᗾmbe,853637,879246,179765,302567,254303,53101,46061,2077.7,15.7
2024-04-12,2024,4,Cuma,809360,833641,208157,251974,208866,63609,49988,1527.72,15.2
2024-04-13,2024,4,Cumartesi,743213,765509,141455,247400,190346,89190,42590,2552.02,16.3
2024-04-14,2024,4,Pazar,718127,739671,155163,248235,206968,51247,48208,2023.72,19.5
2024-04-15,2024,4,Pazartesi,820744,845366,210396,272699,196022,120680,56756,2358.98,16.6
2024-04-16,2024,4,Salı,815045,839497,212192,279900,228570,66802,54841,1923.56,17.1
2024-04-17,2024,4,Çrᗺmba,820162,844767,214406,278119,234763,69458,42359,1850.41,15.4
2024-04-18,2024,4,Perᗾmbe,821824,846478,217643,296139,229739,90826,39836,2026.38,17.4
2024-04-19,2024,4,Cuma,837915,863052,193548,284866,210548,64484,36489,2398.68,17.9
2024-04-20,2024,4,Cumartesi,720118,741721,184475,238150,195528,84555,41914,1944.39,19.4
2024-04-21,2024,4,Pazar,700909,721936,187632,253213,157791,49549,53746,1766.36,16
2024-04-22,2024,4,Pazartesi,813065,837457,141564,297127,211114,82919,50732,1872.98,19.4
2024-04-23,2024,4,Salı,804008,828128,189384,271360,208487,77706,40034,2342.24,15.1
2024-04-24,2024,4,Çrᗺmba,791246,814984,211482,278824,224963,81917,52650,2208.39,15.2
2024-04-25,2024,4,Perᗾmbe,834067,859089,170564,311635,245769,79458,49316,2151.06,23.4
2024-04-26,2024,4,Cuma,835441,860504,193360,273000,222556,85758,48287,2393.07,20.6
2024-04-27,2024,4,Cumartesi,698063,719005,156169,244143,166144,67049,40993,2366.46,16
2024-04-28,2024,4,Pazar,700675,721696,163436,253674,208892,61818,46581,2479.34,17.5
2024-04-29,2024,4,Pazartesi,803874,827990,187756,291973,239099,67085,56989,2746.06,16.2
2024-04-30,2024,4,Salı,803761,827874,159621,271066,225271,104898,48039,1384.65,17.9
2024-05-01,2024,5,Çrᗺmba,832050,857012,242948,307328,202219,67853,59914,2026.89,15.8
2024-05-02,2024,5,Perᗾmbe,810894,835220,202048,283442,215548,68473,44850,2356.03,23.9
2024-05-03,2024,5,Cuma,800891,824918,194774,263634,200030,101325,61826,2130.07,22.2
2024-05-04,2024,5,Cumartesi,705767,726940,142792,257931,148512,43626,44118,2112.34,21.3
2024-05-05,2024,5,Pazar,722238,743905,205258,269134,173063,68603,58511,1926.71,21.5
2024-05-06,2024,5,Pazartesi,829353,854233,193334,282500,208585,92703,46741,1987.64,16.4
2024-05-07,2024,5,Salı,832568,857545,148911,288786,213042,105913,53268,2368.18,20.9
2024-05-08,2024,5,Çrᗺmba,767028,790039,199942,285448,212628,107820,54499,2370.43,16
2024-05-09,2024,5,Perᗾmbe,829133,854007,189342,299433,225570,93834,69378,1949.85,19.1
2024-05-10,2024,5,Cuma,814890,839337,216694,285169,229366,105282,48957,2533.83,21.1
2024-05-11,2024,5,Cumartesi,694223,715050,175415,235841,162935,60580,44556,2361.49,18
2024-05-12,2024,5,Pazar,686606,707204,185632,242752,184366,84901,34813,2185.18,22.8
2024-05-13,2024,5,Pazartesi,781039,804471,201790,279217,224709,54206,53950,1868.24,26
2024-05-14,2024,5,Salı,802978,827067,234023,321806,222628,109548,57332,2484.56,21.6
2024-05-15,2024,5,Çrᗺmba,805522,829688,192629,299307,201449,73334,49904,1893.5,24.2
2024-05-16,2024,5,Perᗾmbe,804469,828603,184820,225835,225406,66915,56011,2434.85,23.1
2024-05-17,2024,5,Cuma,791347,815087,166478,298331,203545,92720,49468,2232.64,23.6
2024-05-18,2024,5,Cumartesi,688140,708785,131118,244936,172174,84590,42668,1802.01,18.9
2024-05-19,2024,5,Pazar,723150,744844,142738,250559,193533,75206,44346,2129.57,17.6
2024-05-20,2024,5,Pazartesi,825882,850658,235048,310937,219715,72945,53565,2069.78,23.9
2024-05-21,2024,5,Salı,798197,822143,184326,283736,216264,78523,41208,2181.44,24.6
2024-05-22,2024,5,Çrᗺmba,804025,828146,168435,282130,205941,84435,50445,2365.54,20.8
2024-05-23,2024,5,Perᗾmbe,802341,826411,173736,293211,202477,56716,50507,2346.01,25.7
2024-05-24,2024,5,Cuma,817246,841763,225331,296416,233656,82410,73024,2582.19,26.3
2024-05-25,2024,5,Cumartesi,688791,709455,180908,202981,165439,95549,59807,2093.48,20.4
2024-05-26,2024,5,Pazar,728777,750640,197055,232084,187751,52098,47523,2137.96,21
2024-05-27,2024,5,Pazartesi,808370,832621,221982,275497,225398,89060,59752,2187.21,22.2
2024-05-28,2024,5,Salı,775967,799246,145595,257350,194681,71937,59931,1463.98,23.8
2024-05-29,2024,5,Çrᗺmba,822457,847131,215063,260971,172400,82949,61600,1680.94,20.5
2024-05-30,2024,5,Perᗾmbe,784478,808013,193072,275607,195756,64608,59657,2219.63,21.4
2024-05-31,2024,5,Cuma,818499,843053,216323,303319,229541,65158,54943,2263.37,30.7
2024-06-01,2024,6,Cumartesi,691556,712303,158118,238148,184834,77818,54995,1629.14,21.3
2024-06-02,2024,6,Pazar,709461,730745,186583,226072,161206,68514,53114,2341.62,26.7
2024-06-03,2024,6,Pazartesi,807755,831988,175535,289377,191552,64755,57562,2336.42,31.4
2024-06-04,2024,6,Salı,825020,849771,170799,310321,190849,95484,50726,2213.32,24
2024-06-05,2024,6,Çrᗺmba,836389,861480,223576,272278,194816,83735,77510,2163.59,22.9
2024-06-06,2024,6,Perᗾmbe,812675,837055,170848,313737,177909,71303,56130,2047.71,27.4
2024-06-07,2024,6,Cuma,818686,843247,187406,297486,186419,72367,49650,1954.36,26.1
2024-06-08,2024,6,Cumartesi,692136,712901,161497,238252,169847,92818,50064,1990.68,23.9
2024-06-09,2024,6,Pazar,689705,710396,137951,249849,155127,76814,59747,2209.39,25.3
2024-06-10,2024,6,Pazartesi,790744,814467,194906,281479,211652,87866,53070,2117.35,23.3
2024-06-11,2024,6,Salı,796742,820644,205378,283577,174971,62439,63221,2296.13,24
2024-06-12,2024,6,Çrᗺmba,801408,825450,177036,280428,182989,98578,55140,2517.08,25.9
2024-06-13,2024,6,Perᗾmbe,818912,843479,147362,276026,189841,53287,55522,2062.96,26.8
2024-06-14,2024,6,Cuma,814094,838517,198702,270416,200146,68460,64731,1806.78,27.8
2024-06-15,2024,6,Cumartesi,723213,744909,182027,238108,160558,42835,58383,2180.2,26.9
2024-06-16,2024,6,Pazar,713475,734879,147446,249213,159096,83729,59745,1896.06,28.5
2024-06-17,2024,6,Pazartesi,778759,802122,207143,302366,190997,75977,44774,1825.6,29.3
2024-06-18,2024,6,Salı,769643,792733,197333,258174,200952,82839,51329,2556.57,23.4
2024-06-19,2024,6,Çrᗺmba,842686,867967,213274,301101,179101,100798,50107,1801.26,25.6
2024-06-20,2024,6,Perᗾmbe,808207,832453,171497,310739,181377,96936,60353,1918.83,28.1
2024-06-21,2024,6,Cuma,845753,871126,214977,283616,199515,63689,63095,2290.76,26.3
2024-06-22,2024,6,Cumartesi,675748,696020,163038,225560,144848,63970,36218,1438.82,23.8
2024-06-23,2024,6,Pazar,728450,750304,165764,283055,174448,98595,55242,1725.89,28.9
2024-06-24,2024,6,Pazartesi,841260,866498,184562,309577,192702,75032,65227,2398.81,24.1
2024-06-25,2024,6,Salı,851640,877189,159483,291582,169883,77770,58760,2640.12,25.3
2024-06-26,2024,6,Çrᗺmba,831467,856411,212341,312972,184991,66793,62680,2470.57,26.4
2024-06-27,2024,6,Perᗾmbe,831906,856863,162348,318837,188058,112986,53712,2717.89,28.6
2024-06-28,2024,6,Cuma,837919,863056,195767,264918,191692,94190,54340,2654.04,25.2
2024-06-29,2024,6,Cumartesi,744200,766526,173775,288643,163406,79447,51579,1993.35,26
2024-06-30,2024,6,Pazar,754820,777464,174086,281955,136772,57972,40377,2417.69,30
2024-07-01,2024,7,Pazartesi,855693,881364,218863,279677,180348,113830,44274,2254.01,23
2024-07-02,2024,7,Salı,808948,833216,203982,268239,140044,48221,64227,1974.78,28
2024-07-03,2024,7,Çrᗺmba,828995,853864,165928,310086,170780,86175,71414,2388.23,27.2
2024-07-04,2024,7,Perᗾmbe,865774,891748,197025,333759,133818,78461,51971,1786.68,28.3
2024-07-05,2024,7,Cuma,863515,889421,204647,289495,173427,70159,82466,2614.69,26.8
2024-07-06,2024,7,Cumartesi,738839,761005,150815,241662,145459,94797,70474,2173.21,23.1
2024-07-07,2024,7,Pazar,773008,796199,203550,242642,146702,90265,63032,2249.4,27.8
2024-07-08,2024,7,Pazartesi,851612,877160,220910,325108,202147,85207,52855,1913.02,26.4
2024-07-09,2024,7,Salı,865540,891506,249331,288328,164984,72379,63282,1800.55,23.7
2024-07-10,2024,7,Çrᗺmba,863577,889484,237009,306386,202112,97484,55061,2186.42,30.5
2024-07-11,2024,7,Perᗾmbe,855090,880742,207153,288384,152149,78046,62673,2500.91,27.9
2024-07-12,2024,7,Cuma,856300,881989,209564,317207,132915,86075,68764,1601.3,26.2
2024-07-13,2024,7,Cumartesi,759116,781890,167346,272031,165226,64470,61729,1727.25,26.8
2024-07-14,2024,7,Pazar,753914,776531,165833,272231,169435,67213,42172,2239.53,26.3
2024-07-15,2024,7,Pazartesi,840161,865366,208852,308030,157870,126536,63494,1899.67,27.9
2024-07-16,2024,7,Salı,842010,867270,187940,284434,175185,104735,65694,1572.67,28.1
2024-07-17,2024,7,Çrᗺmba,856680,882381,187961,325498,160672,49020,53072,2239.76,26.5
2024-07-18,2024,7,Perᗾmbe,863382,889283,175760,295657,165782,103076,69902,2199.27,32.1
2024-07-19,2024,7,Cuma,870268,896376,204955,271173,169820,66170,59441,2509.04,26.5
2024-07-20,2024,7,Cumartesi,740388,762600,198937,241997,132671,79054,46264,2516.64,26.2
2024-07-21,2024,7,Pazar,750638,773158,200681,262587,169331,83432,42491,2335.74,25.3
2024-07-22,2024,7,Pazartesi,895265,922123,242514,312551,180266,112638,53781,1953.74,27.8
2024-07-23,2024,7,Salı,862356,888227,178051,327974,164888,52659,68032,2577.12,27.5
2024-07-24,2024,7,Çrᗺmba,869897,895994,192941,300169,179271,78592,58747,2208.73,29.7
2024-07-25,2024,7,Perᗾmbe,865447,891411,184289,294515,165178,78611,69262,2561.55,27.2
2024-07-26,2024,7,Cuma,942726,971008,232194,281821,193377,76118,60837,1936.63,29.5
2024-07-27,2024,7,Cumartesi,801014,825044,181800,296488,140841,72634,61300,1931.06,25.8
2024-07-28,2024,7,Pazar,751191,773727,199078,268212,141690,58177,48748,2081.81,30.3
2024-07-29,2024,7,Pazartesi,885790,912364,222901,341523,139334,83193,61616,2187.66,24.1
2024-07-30,2024,7,Salı,886798,913402,184387,301840,166169,89798,70705,2088.13,32.3
2024-07-31,2024,7,Çrᗺmba,882998,909488,163695,279277,176206,111573,62703,2340.13,30.7
2024-08-01,2024,8,Perᗾmbe,938834,966999,213448,325263,195030,102091,61621,2079.73,27.3
2024-08-02,2024,8,Cuma,897043,923954,232352,287014,187688,80019,56560,1911.68,26.7
2024-08-03,2024,8,Cumartesi,832015,856976,236927,277547,140475,80383,49520,2433.09,25.7
2024-08-04,2024,8,Pazar,801940,825998,150944,300901,134321,89744,57714,2519.69,26.9
2024-08-05,2024,8,Pazartesi,933443,961447,204347,312349,171868,94568,65816,2497.73,26.4
2024-08-06,2024,8,Salı,902356,929427,221291,350812,189457,72370,53223,1869.93,24.2
2024-08-07,2024,8,Çrᗺmba,904877,932024,225655,307359,184547,146718,68062,2532.33,31.6
2024-08-08,2024,8,Perᗾmbe,928311,956160,219879,298330,171246,116933,58374,2402.78,25.5
2024-08-09,2024,8,Cuma,901307,928346,235576,319828,196490,83504,55218,2202.52,24.9
2024-08-10,2024,8,Cumartesi,845286,870645,227138,299519,114711,85802,58057,2246,27.3
2024-08-11,2024,8,Pazar,831309,856249,187541,326593,143426,105729,62754,1738.99,22.2
2024-08-12,2024,8,Pazartesi,926004,953785,230961,315185,152066,115120,82099,2140.16,28.2
2024-08-13,2024,8,Salı,949590,978078,225363,356093,208229,92187,66471,2116.52,27.1
2024-08-14,2024,8,Çrᗺmba,922540,950216,206189,324741,182550,95141,67568,2541.45,28
2024-08-15,2024,8,Perᗾmbe,937575,965702,231469,303812,169850,104545,56852,2185.81,26
2024-08-16,2024,8,Cuma,927816,955650,228108,351081,136936,107970,49437,2477.9,17.9
2024-08-17,2024,8,Cumartesi,870430,896543,196577,325107,154103,109655,71337,1883.65,23.7
2024-08-18,2024,8,Pazar,864817,890762,194133,298780,164675,97258,57813,2334.16,21.8
2024-08-19,2024,8,Pazartesi,943588,971896,228543,315976,156991,124424,58118,2193.63,25.5
2024-08-20,2024,8,Salı,966018,994999,207183,319563,171297,68203,61048,2183.32,27.5
2024-08-21,2024,8,Çrᗺmba,952334,980904,214270,346264,142373,96097,51277,2271.09,25.5
2024-08-22,2024,8,Perᗾmbe,937656,965785,238158,338561,185274,79443,59117,2195.19,20.7
2024-08-23,2024,8,Cuma,997115,1027028,203751,345685,192258,119950,67097,2145.54,19.5
2024-08-24,2024,8,Cumartesi,837846,862982,183872,297493,159646,91716,49349,2334.22,23.1
2024-08-25,2024,8,Pazar,859285,885064,208182,296873,165484,84498,53098,1863.23,23.8
2024-08-26,2024,8,Pazartesi,968420,997473,228667,333724,146719,117156,52277,2156.75,24.1
2024-08-27,2024,8,Salı,962682,991562,231630,334221,156730,113497,37310,2254.1,23.7
2024-08-28,2024,8,Çrᗺmba,975600,1004868,224255,336848,143459,99963,50265,2175.51,24.5
2024-08-29,2024,8,Perᗾmbe,974954,1004203,255146,329858,158936,102113,56473,2102.38,26.9
2024-08-30,2024,8,Cuma,954189,982814,247520,311775,136379,117262,70456,1739.01,25.7
2024-08-31,2024,8,Cumartesi,855224,880881,215307,275408,148358,84512,37562,2232.99,25.2
2024-09-01,2024,9,Pazar,880298,906707,232515,296524,104728,81440,42148,1927.75,23.8
2024-09-02,2024,9,Pazartesi,958227,986974,227984,281916,168013,85115,64794,2477.2,22.1
2024-09-03,2024,9,Salı,957032,985743,208996,338549,147128,136391,62019,2651.15,18.8
2024-09-04,2024,9,Çrᗺmba,975637,1004906,218024,336323,177529,103934,53962,1896.27,18.6
2024-09-05,2024,9,Perᗾmbe,980606,1010024,229316,349622,169624,109551,53716,1921.92,27.8
2024-09-06,2024,9,Cuma,1007096,1037309,215042,354384,163487,51048,53504,2393.22,22.5
2024-09-07,2024,9,Cumartesi,884909,911456,222213,306428,170616,90601,50555,2294.69,22.5
2024-09-08,2024,9,Pazar,893722,920533,187823,326957,149720,81960,43909,2357.72,19.6
2024-09-09,2024,9,Pazartesi,979873,1009269,202266,396424,161061,119330,66859,2231.95,20.6
2024-09-10,2024,9,Salı,999033,1029004,266393,327146,178353,119394,63788,2602.94,17.2
2024-09-11,2024,9,Çrᗺmba,1003468,1033572,237340,352023,165305,110796,56996,1684.3,19.6
2024-09-12,2024,9,Perᗾmbe,982534,1012010,243763,366310,108266,106106,42033,2196.51,20.1
2024-09-13,2024,9,Cuma,986743,1016345,261622,376317,177861,139119,58982,2241,15.3
2024-09-14,2024,9,Cumartesi,915843,943319,224289,299450,148218,86170,45938,2601.26,16.9
2024-09-15,2024,9,Pazar,926611,954409,235232,373153,156743,88531,65344,1830.24,17.1
2024-09-16,2024,9,Pazartesi,1031894,1062851,197138,342662,147079,95934,50065,2315.53,24.4
2024-09-17,2024,9,Salı,1028701,1059562,282992,318881,159897,74468,34311,1792.16,20.2
2024-09-18,2024,9,Çrᗺmba,1000936,1030964,258148,367144,129404,112932,66318,2493.31,15.3
2024-09-19,2024,9,Perᗾmbe,1031737,1062689,224324,337398,162885,113580,63115,2652.85,21.8
2024-09-20,2024,9,Cuma,996624,1026523,279121,381466,185939,115490,55313,2225.72,23.2
2024-09-21,2024,9,Cumartesi,888876,915542,251166,321531,168094,94668,53876,2203.41,15.9
2024-09-22,2024,9,Pazar,919910,947507,191156,331117,124582,105558,59551,2120.61,15.6
2024-09-23,2024,9,Pazartesi,989865,1019561,244873,329485,150550,101433,56412,2263.73,20.1
2024-09-24,2024,9,Salı,1000138,1030142,249965,340659,154979,101865,55863,1845.98,17.7
2024-09-25,2024,9,Çrᗺmba,1005552,1035719,190020,346448,148291,67751,50157,2693.25,20.8
2024-09-26,2024,9,Perᗾmbe,1025258,1056016,236428,365780,135385,81135,55012,1979.12,19.1
2024-09-27,2024,9,Cuma,1009567,1039854,282239,396456,147130,114907,61325,2335.23,15.8
2024-09-28,2024,9,Cumartesi,925345,953106,219340,332971,130729,96433,32773,2713.56,17.2
2024-09-29,2024,9,Pazar,932281,960249,230021,323566,119050,87330,45499,2350.32,19.3
2024-09-30,2024,9,Pazartesi,1031600,1062548,281523,341644,150996,112018,43016,2459.06,20.4
2024-10-01,2024,10,Salı,1062699,1094580,268498,324700,183668,78434,59968,2421.45,18.4
2024-10-02,2024,10,Çrᗺmba,1063871,1095787,242466,392868,187060,97023,41116,1958.39,24
2024-10-03,2024,10,Perᗾmbe,1046334,1077724,221435,388655,191294,99462,61106,1782.41,19.1
2024-10-04,2024,10,Cuma,1042106,1073369,276414,392708,144179,92179,59594,2252.88,15.4
2024-10-05,2024,10,Cumartesi,946639,975038,228749,310753,149715,116359,47138,1950.25,12
2024-10-06,2024,10,Pazar,919443,947026,226637,302479,150740,78835,41986,2246.14,12.7
2024-10-07,2024,10,Pazartesi,1050783,1082306,267010,357414,166560,108731,46876,2200.15,10.1
2024-10-08,2024,10,Salı,1063217,1095114,262171,393363,138771,122920,43706,2140.62,14.6
2024-10-09,2024,10,Çrᗺmba,1071164,1103299,280144,376323,166560,96930,67526,2679.58,15.4
2024-10-10,2024,10,Perᗾmbe,1008630,1038888,237235,381216,177145,125474,34892,1891.21,19.4
2024-10-11,2024,10,Cuma,1048634,1080093,264603,362633,128900,101858,28861,2110.38,12
2024-10-12,2024,10,Cumartesi,937432,965555,207777,309415,152627,91404,37762,2052.64,13.1
2024-10-13,2024,10,Pazar,931939,959897,228841,338312,173771,106174,48691,2566.76,11.6
2024-10-14,2024,10,Pazartesi,1055970,1087649,228310,400654,124874,84355,55402,2106.71,11.7
2024-10-15,2024,10,Salı,1082523,1114999,229325,361744,194385,115518,47689,2213.77,13.6
2024-10-16,2024,10,Çrᗺmba,1079524,1111910,259715,416470,167551,105269,58480,2305.96,16
2024-10-17,2024,10,Perᗾmbe,1069460,1101543,227373,348716,140988,110478,34588,2355.94,13.8
2024-10-18,2024,10,Cuma,1044928,1076276,288660,362107,164114,135741,45684,2174.84,15.7
2024-10-19,2024,10,Cumartesi,956600,985298,209839,365797,141693,128459,33141,1873.08,13.6
2024-10-20,2024,10,Pazar,947696,976127,252648,303560,145640,103880,50499,2061.25,8
2024-10-21,2024,10,Pazartesi,1086215,1118801,262442,384980,145401,140214,47524,2236.65,12.3
2024-10-22,2024,10,Salı,1061527,1093373,238118,342867,150362,116806,33001,2006.53,14.4
2024-10-23,2024,10,Çrᗺmba,1085398,1117960,271732,382248,181355,132859,30904,1968.86,6.1
2024-10-24,2024,10,Perᗾmbe,1051432,1082975,235271,385946,140440,119213,48485,2131.11,13
2024-10-25,2024,10,Cuma,1054923,1086571,238883,392779,148763,94855,39908,2495.56,13
2024-10-26,2024,10,Cumartesi,993986,1023805,215262,304006,159614,106210,29650,1895.68,11.1
2024-10-27,2024,10,Pazar,971434,1000577,237867,348679,144832,137558,39771,1970.49,11.6
2024-10-28,2024,10,Pazartesi,1108299,1141548,272171,403538,167697,120099,45262,2181.6,9
2024-10-29,2024,10,Salı,1086219,1118806,269058,388891,167062,113490,50989,2562.53,7.9
2024-10-30,2024,10,Çrᗺmba,1063061,1094953,259574,346741,154095,115178,28420,2000.56,12
2024-10-31,2024,10,Perᗾmbe,1059255,1091032,247908,374311,202880,148237,22751,2100.56,11.2
2024-11-01,2024,11,Cuma,1076245,1108533,269086,371064,205431,84996,35647,2168.14,10.7
2024-11-02,2024,11,Cumartesi,987459,1017083,243021,353277,149613,109935,28877,1765.04,10.2
2024-11-03,2024,11,Pazar,971905,1001062,282208,357995,197476,105571,36842,2151.71,11.6
2024-11-04,2024,11,Pazartesi,1119478,1153062,319943,408622,151624,167140,39448,2240.15,4.9
2024-11-05,2024,11,Salı,1046621,1078020,217792,402264,170554,51803,39863,2977.38,11.4
2024-11-06,2024,11,Çrᗺmba,1116735,1150237,292402,412694,239354,157248,44998,2532.96,8.3
2024-11-07,2024,11,Perᗾmbe,1118761,1152324,246594,417215,178241,111357,39573,2564.59,7.5
2024-11-08,2024,11,Cuma,1047969,1079408,257784,367425,186579,127744,34927,2724.65,2.1
2024-11-09,2024,11,Cumartesi,991218,1020955,275857,357914,154950,116435,29722,2006.79,10
2024-11-10,2024,11,Pazar,968742,997804,210283,343209,142187,97475,30771,2259,8.8
2024-11-11,2024,11,Pazartesi,1080086,1112488,259691,400362,196534,104802,51010,2036.69,3.7
2024-11-12,2024,11,Salı,1079544,1111930,279844,396157,179079,109707,44645,2187.03,7.7
2024-11-13,2024,11,Çrᗺmba,1054335,1085965,253679,355354,185961,106494,13636,2157.16,7.6
2024-11-14,2024,11,Perᗾmbe,1099800,1132794,272401,368621,214616,123231,30177,2012.74,9.1
2024-11-15,2024,11,Cuma,1099110,1132084,289014,374994,193439,108994,34456,2085.17,11.8
2024-11-16,2024,11,Cumartesi,957014,985725,218368,324805,179361,111023,34804,2013.36,9
2024-11-17,2024,11,Pazar,994708,1024549,184093,339604,208670,106739,21449,2406.12,10.6
2024-11-18,2024,11,Pazartesi,1084224,1116750,296746,379681,189133,162774,53790,2286.97,7.2
2024-11-19,2024,11,Salı,1084046,1116568,255559,396048,198000,92596,46072,1975.65,3.4
2024-11-20,2024,11,Çrᗺmba,1088123,1120767,240796,384009,185223,110520,33983,2242.39,6.5
2024-11-21,2024,11,Perᗾmbe,1067824,1099858,238593,339168,169249,109894,20989,2038.3,5.7
2024-11-22,2024,11,Cuma,1077892,1110229,253612,365499,179537,146122,22333,2265.87,2.3
2024-11-23,2024,11,Cumartesi,978564,1007921,224394,368289,161202,76084,39934,1918.15,8
2024-11-24,2024,11,Pazar,962922,991810,198203,335418,160931,95860,54293,2124.89,6.3
2024-11-25,2024,11,Pazartesi,1081587,1114035,263785,356970,179747,95479,45943,2354.43,9.3
2024-11-26,2024,11,Salı,1071031,1103162,267955,413577,225066,131788,11860,2542.6,7.3
2024-11-27,2024,11,Çrᗺmba,1080562,1112979,292582,375145,199513,75674,34107,2569.18,7.5
2024-11-28,2024,11,Perᗾmbe,1099009,1131979,218072,347919,214276,118902,43904,2175.67,3.5
2024-11-29,2024,11,Cuma,1100913,1133940,254208,392593,216418,144496,26309,2238.91,6
2024-11-30,2024,11,Cumartesi,960971,989800,230797,347570,172840,141529,32529,1900.2,6.9
2024-12-01,2024,12,Pazar,981755,1011208,224979,349222,158716,92103,32428,2652.57,9.1
2024-12-02,2024,12,Pazartesi,1077340,1109660,236874,431846,237143,104527,50400,2449.54,3.6
2024-12-03,2024,12,Salı,1088064,1120706,224898,406234,204656,136220,40796,2049.97,5.7
2024-12-04,2024,12,Çrᗺmba,1108363,1141614,238971,386368,213587,96432,46737,1917.9,4.6
2024-12-05,2024,12,Perᗾmbe,1069963,1102062,264096,371418,179551,124435,32700,2678.84,5.4
2024-12-06,2024,12,Cuma,1073623,1105832,226722,352427,191134,146116,46235,2277.37,3.4
2024-12-07,2024,12,Cumartesi,936089,964171,245856,331039,198838,95139,11512,2427.34,6.6
2024-12-08,2024,12,Pazar,972539,1001715,232600,305593,161610,112517,7670,2178,4.7
2024-12-09,2024,12,Pazartesi,1065550,1097516,256981,375180,206958,126089,32110,2231.39,-0.3
2024-12-10,2024,12,Salı,1087181,1119797,243074,378740,221336,110663,32341,2195.95,9.2
2024-12-11,2024,12,Çrᗺmba,1099489,1132473,173000,332061,203373,101788,23633,1832.36,2.2
2024-12-12,2024,12,Perᗾmbe,1082210,1114676,216317,369470,236598,97619,45625,2173.2,6.7
2024-12-13,2024,12,Cuma,1067174,1099189,251534,384699,227669,111409,23324,1729.89,6.7
2024-12-14,2024,12,Cumartesi,960433,989246,230521,351660,181021,95886,33421,2082.35,2.6
2024-12-15,2024,12,Pazar,904874,932020,255207,319726,184886,141732,22425,1708.43,6.6
2024-12-16,2024,12,Pazartesi,1051407,1082949,267630,359131,194757,98143,27784,2030.3,7.9
2024-12-17,2024,12,Salı,1039299,1070478,240788,342115,227184,129196,48824,1997.75,5.2
2024-12-18,2024,12,Çrᗺmba,1073627,1105835,258512,413511,219430,159489,26714,2090.24,2
2024-12-19,2024,12,Perᗾmbe,1044871,1076217,221968,381932,237589,115827,39126,2060.87,4.6
2024-12-20,2024,12,Cuma,1061534,1093380,232018,374511,222425,139431,10343,2296.53,4.8
2024-12-21,2024,12,Cumartesi,966324,995314,240795,334484,186964,86795,19065,1622.6,4.3
2024-12-22,2024,12,Pazar,955561,984228,243960,355906,201023,96577,29547,2146.16,1.9
2024-12-23,2024,12,Pazartesi,1097508,1130433,272799,366458,213933,133167,37365,1896.63,4.6
2024-12-24,2024,12,Salı,1048607,1080065,267730,356537,217918,120262,22664,2119.56,3.3
2024-12-25,2024,12,Çrᗺmba,1050982,1082511,233471,355873,232416,127354,50910,2276.87,4.5
2024-12-26,2024,12,Perᗾmbe,1078045,1110387,242093,366385,214060,165732,37228,2347.01,2.5
2024-12-27,2024,12,Cuma,1039322,1070502,206177,363674,231214,105558,46371,1804.55,3.8
2024-12-28,2024,12,Cumartesi,996017,1025897,208226,357636,187340,111550,9414,2518.77,0.3
2024-12-29,2024,12,Pazar,927303,955122,224851,337464,204332,103273,26619,2221.67,1.9
2024-12-30,2024,12,Pazartesi,1046207,1077593,245472,413823,224609,110981,49973,1991.31,3.8
2024-12-31,2024,12,Salı,1028754,1059617,262973,381035,242702,117362,21535,2209.06,6.8
2025-01-01,2025,1,Çrᗺmba,1046231,1077618,234927,371262,252375,88019,29525,2523.26,1.5
2025-01-02,2025,1,Perᗾmbe,1073348,1105548,292059,393154,240432,104459,27656,2403.36,6.6
2025-01-03,2025,1,Cuma,1054691,1086332,284304,416099,205518,97266,30674,2050.07,-0.8
2025-01-04,2025,1,Cumartesi,927517,955342,234780,336521,221656,88458,43650,2492.99,3.9
2025-01-05,2025,1,Pazar,931335,959276,250354,318730,203214,111583,29848,2342.74,-0.4
2025-01-06,2025,1,Pazartesi,1002036,1032097,206818,322750,273703,97233,30043,2175.14,5.3
2025-01-07,2025,1,Salı,1024604,1055342,209563,360438,237858,90402,26569,2350.18,4.5
2025-01-08,2025,1,Çrᗺmba,1054352,1085982,194439,414420,218420,112583,53026,2157.92,2.9
2025-01-09,2025,1,Perᗾmbe,1054139,1085763,273459,359824,237390,116354,44028,2128.75,3.8
2025-01-10,2025,1,Cuma,1077884,1110221,263899,388853,222135,107720,50533,2438.62,5.9
2025-01-11,2025,1,Cumartesi,924921,952669,183294,323476,209494,60889,28214,2403.71,3
2025-01-12,2025,1,Pazar,941446,969690,192633,329513,259862,95239,28506,2041.5,0.7
2025-01-13,2025,1,Pazartesi,1032934,1063922,204411,367250,166482,91542,44718,2411.48,5.9
2025-01-14,2025,1,Salı,1026446,1057239,218120,363944,206582,102192,45730,2804.4,1
2025-01-15,2025,1,Çrᗺmba,1013316,1043715,280434,382791,221461,121441,25448,2451.09,7.6
2025-01-16,2025,1,Perᗾmbe,990637,1020356,214281,360035,249611,114780,40612,2693.41,4.8
2025-01-17,2025,1,Cuma,1028520,1059376,245327,386550,221150,115360,42900,2395.6,3.1
2025-01-18,2025,1,Cumartesi,940156,968361,240635,314943,206980,102008,31083,2477.52,3.6
2025-01-19,2025,1,Pazar,899871,926867,221594,297742,226896,53466,18199,2732.53,4.3
2025-01-20,2025,1,Pazartesi,984400,1013932,271271,352323,221785,120763,9245,1878.28,2.1
2025-01-21,2025,1,Salı,1012272,1042640,286137,393143,234861,131042,22706,2279.66,-3.1
2025-01-22,2025,1,Çrᗺmba,1003522,1033628,245677,342439,231621,83464,30755,2273.83,2.1
2025-01-23,2025,1,Perᗾmbe,970038,999140,223810,348591,236126,89510,28643,2443.67,2.8
2025-01-24,2025,1,Cuma,1007005,1037215,261400,353560,208808,108991,40631,2548.14,4.7
2025-01-25,2025,1,Cumartesi,888724,915386,164832,309609,180851,61304,21321,2720.19,3.8
2025-01-26,2025,1,Pazar,899600,926588,222156,317244,205198,84325,44433,2473.63,3.5
2025-01-27,2025,1,Pazartesi,1010370,1040681,252957,323007,222439,138346,30621,2254.79,3.1
2025-01-28,2025,1,Salı,1005942,1036121,263078,341967,279473,118744,34767,2181.79,3.8
2025-01-29,2025,1,Çrᗺmba,970070,999172,220494,379151,213152,73855,45469,2310.54,4.3
2025-01-30,2025,1,Perᗾmbe,981989,1011449,229029,370681,252595,131030,36638,2447.32,4.1
2025-01-31,2025,1,Cuma,972858,1002044,202612,353527,250851,102955,16092,2877.87,4.1
2025-02-01,2025,2,Cumartesi,887462,914086,197701,312613,198582,46545,41872,2194.01,3.2
2025-02-02,2025,2,Pazar,887717,914348,230031,349708,222247,81677,19871,2508.06,3.1
2025-02-03,2025,2,Pazartesi,1013612,1044020,257278,370872,270705,114281,40446,2810.26,6.5
2025-02-04,2025,2,Salı,966232,995219,197795,351377,248604,87299,59067,2262.08,6.6
2025-02-05,2025,2,Çrᗺmba,993972,1023791,193291,349471,248081,114500,22655,2187.63,2.7
2025-02-06,2025,2,Perᗾmbe,982351,1011821,218568,337189,213662,103581,17775,2016.22,5.5
2025-02-07,2025,2,Cuma,956312,985001,291885,329209,257832,118288,28723,2212.42,4.1
2025-02-08,2025,2,Cumartesi,855110,880764,234551,312809,201976,86313,39324,2929.02,3.6
2025-02-09,2025,2,Pazar,851985,877544,165370,271276,197698,88097,25392,2591.26,5.7
2025-02-10,2025,2,Pazartesi,955275,983933,239079,335813,257204,103614,42327,2380.74,7.1
2025-02-11,2025,2,Salı,956727,985428,251136,359569,244746,124656,21953,2388.21,4.2
2025-02-12,2025,2,Çrᗺmba,996468,1026362,246265,339432,241263,94749,30961,2755.51,0.2
2025-02-13,2025,2,Perᗾmbe,952644,981223,181244,386835,234329,92540,25522,2707.2,8.4
2025-02-14,2025,2,Cuma,976764,1006067,219936,327577,235344,86723,55846,2145.94,3.4
2025-02-15,2025,2,Cumartesi,889760,916453,252021,283609,229752,92866,26288,2177.12,4.7
2025-02-16,2025,2,Pazar,878038,904379,200187,320579,230575,87488,28268,2244.12,1.9
2025-02-17,2025,2,Pazartesi,918686,946246,255639,330672,262586,73969,48148,2362.23,2.9
2025-02-18,2025,2,Salı,926432,954225,212438,312350,240238,100606,24311,2439.52,5.1
2025-02-19,2025,2,Çrᗺmba,983786,1013300,249800,365270,290998,117923,40380,2242.33,6.8
2025-02-20,2025,2,Perᗾmbe,951344,979884,234155,338936,280902,71684,37583,2978.37,2.8
2025-02-21,2025,2,Cuma,928675,956536,219571,328097,249204,83498,48567,2358.47,12
2025-02-22,2025,2,Cumartesi,828534,853390,199014,274158,231098,69775,43746,2577.7,6.9
2025-02-23,2025,2,Pazar,814897,839343,170005,310277,219626,80180,54261,1710.87,7.3
2025-02-24,2025,2,Pazartesi,908377,935628,237546,319744,247557,92082,35130,2378.35,7.7
2025-02-25,2025,2,Salı,945028,973379,235059,335246,269360,121133,37334,2197.47,7.9
2025-02-26,2025,2,Çrᗺmba,956394,985085,226392,351900,273397,116654,32838,2650.75,3
2025-02-27,2025,2,Perᗾmbe,918060,945601,211563,320951,262319,79846,33345,2379.77,7.9
2025-02-28,2025,2,Cuma,926506,954301,233060,319432,250158,96971,40705,2180.3,6.8
2025-03-01,2025,3,Cumartesi,816889,841396,157175,279314,189140,113298,31195,1942.17,5.9
2025-03-02,2025,3,Pazar,814867,839313,230086,297170,224879,76218,33168,2025.28,9.2
2025-03-03,2025,3,Pazartesi,945084,973437,172458,330016,253548,89331,29404,2324.91,8.9
2025-03-04,2025,3,Salı,932219,960185,210808,304999,260628,110517,44159,2503.03,6.6
2025-03-05,2025,3,Çrᗺmba,915883,943359,218374,298847,225598,85574,39976,1826.41,5.2
2025-03-06,2025,3,Perᗾmbe,918332,945881,219301,326727,236475,86401,37795,2441.73,6.2
2025-03-07,2025,3,Cuma,907828,935062,217407,292261,243902,89937,48926,2460.04,6.2
2025-03-08,2025,3,Cumartesi,813042,837433,174168,253597,211378,95139,35340,1921.61,8
2025-03-09,2025,3,Pazar,779709,803100,143389,276605,207914,64596,45014,2249.22,9.6
2025-03-10,2025,3,Pazartesi,907700,934931,219979,318054,259053,110959,57736,1848,7.6
2025-03-11,2025,3,Salı,916568,944065,209669,324772,245189,100224,60828,2349.75,5.7
2025-03-12,2025,3,Çrᗺmba,881916,908373,205106,296483,244869,89307,37282,2956.92,12.8
2025-03-13,2025,3,Perᗾmbe,912947,940336,216725,274239,229291,97810,43750,2623.5,11.6
2025-03-14,2025,3,Cuma,910663,937982,245765,297620,256414,90423,42516,2260.43,12.9
2025-03-15,2025,3,Cumartesi,753298,775897,162348,254992,220524,80956,36354,2799.85,14.1
2025-03-16,2025,3,Pazar,820765,845388,159153,321789,205964,77799,48693,2380.56,13.2
2025-03-17,2025,3,Pazartesi,912007,939368,201973,314248,266742,76150,44225,2288.35,8.6
2025-03-18,2025,3,Salı,890655,917375,194315,324062,274959,81088,41440,2329.78,8
2025-03-19,2025,3,Çrᗺmba,890076,916778,231104,314042,207332,92546,45256,2462.71,9.6
2025-03-20,2025,3,Perᗾmbe,870122,896225,212307,322855,266715,99696,36461,2553.45,10.4
2025-03-21,2025,3,Cuma,883789,910302,191179,323438,258895,87896,28572,2808.11,10.8
2025-03-22,2025,3,Cumartesi,763978,786898,175890,272512,200682,71274,41247,2289,10
2025-03-23,2025,3,Pazar,742640,764919,186342,277327,227549,93123,45408,2087.12,14.4
2025-03-24,2025,3,Pazartesi,897745,924678,261721,320837,261835,87003,34047,2698.21,11.8
2025-03-25,2025,3,Salı,854444,880077,176049,290825,240685,86992,36678,2414.89,13.4
2025-03-26,2025,3,Çrᗺmba,846117,871500,221676,327459,270092,83960,54879,1934.34,11.8
2025-03-27,2025,3,Perᗾmbe,890742,917464,193570,311700,260842,76891,51303,2717.27,12.2
2025-03-28,2025,3,Cuma,826500,851295,200932,278631,212107,109289,44106,2152.54,10.6
2025-03-29,2025,3,Cumartesi,746883,769289,178962,255161,198337,71918,23977,2317.94,15.4
2025-03-30,2025,3,Pazar,762034,784895,155804,250686,220195,72595,48239,2267.24,10.8
2025-03-31,2025,3,Pazartesi,859251,885029,247424,294072,249860,92231,50647,1912.41,15.2
2025-04-01,2025,4,Salı,884661,911201,233259,267056,176155,97908,57844,3005.79,8.2
2025-04-02,2025,4,Çrᗺmba,875863,902138,247014,319622,269625,98427,58368,2401.58,15.5
2025-04-03,2025,4,Perᗾmbe,858943,884711,214353,310110,227083,88103,58105,2316.34,17.6
2025-04-04,2025,4,Cuma,837060,862172,230074,297623,230824,100078,38103,2133.43,15.3
2025-04-05,2025,4,Cumartesi,724622,746361,143581,261155,214182,91370,54608,1975.65,15.6
2025-04-06,2025,4,Pazar,764846,787792,175140,261185,216883,66690,46010,2178.82,11.8
2025-04-07,2025,4,Pazartesi,852380,877952,172145,293398,244091,91338,47740,2164.53,14.9
2025-04-08,2025,4,Salı,843009,868299,210500,313123,225199,100390,46783,2224.94,13.3
2025-04-09,2025,4,Çrᗺmba,821022,845653,218078,283914,230377,80173,52163,1868.87,15.6
2025-04-10,2025,4,Perᗾmbe,845070,870422,186807,298116,250865,89409,52628,2033.25,13.3
2025-04-11,2025,4,Cuma,870498,896613,214819,300926,225224,67633,56803,2161.04,14.7
2025-04-12,2025,4,Cumartesi,727872,749708,175797,280654,196804,65108,55191,2361.13,10.7
2025-04-13,2025,4,Pazar,744808,767152,178989,270502,240639,97262,54706,1883.18,12.9
2025-04-14,2025,4,Pazartesi,844819,870163,218321,288382,254843,88386,44793,2016.88,14.3
2025-04-15,2025,4,Salı,843035,868326,222932,300799,223154,83614,42553,1500.78,14.9
2025-04-16,2025,4,Çrᗺmba,816935,841443,183472,252451,219197,83602,42442,2530.98,17.5
2025-04-17,2025,4,Perᗾmbe,800129,824133,184657,290834,224445,87804,67638,2266.92,18.3
2025-04-18,2025,4,Cuma,846743,872146,215448,308099,209722,87221,31243,2175.06,19
2025-04-19,2025,4,Cumartesi,728016,749856,137743,266632,166068,65388,49336,2564.16,17.4
2025-04-20,2025,4,Pazar,742616,764894,214373,288641,191593,63738,37000,2584.43,16.9
2025-04-21,2025,4,Pazartesi,856915,882622,153174,315120,243377,56546,46795,2993.78,15.8
2025-04-22,2025,4,Salı,831219,856156,168258,296109,241483,97616,40067,2140.72,19.8
2025-04-23,2025,4,Çrᗺmba,825587,850355,188856,296123,241466,112650,61561,1914.9,20.1
2025-04-24,2025,4,Perᗾmbe,793880,817697,148849,254406,204155,78365,52676,1655.16,18.5
2025-04-25,2025,4,Cuma,805594,829762,212916,275846,213838,76883,55404,2215.53,18.5
2025-04-26,2025,4,Cumartesi,730243,752150,160089,262305,205122,73529,56887,2439.94,19.7
2025-04-27,2025,4,Pazar,740389,762601,175455,284952,199481,59132,50133,2194.97,19.2
2025-04-28,2025,4,Pazartesi,813003,837393,197321,298282,220206,96944,50850,2580.73,20.2
2025-04-29,2025,4,Salı,831589,856537,184064,284280,231328,77785,42349,2023.29,13.4
2025-04-30,2025,4,Çrᗺmba,848086,873528,214569,293491,216258,104852,46916,2159.24,23
